email_id,agent_name,true_label,prediction,confidence,rag_retrieved_labels,rag_retrieved_ids
5179,linguistic_technical_rag,legitimate,phishing,0.8,"phishing,legitimate","19712,1693"
4443,linguistic_technical_rag,phishing,phishing,0.8,"phishing,legitimate","23705,7688"
14307,linguistic_technical_rag,legitimate,legitimate,0.95,"phishing,legitimate","29554,4936"
8204,linguistic_technical_rag,legitimate,legitimate,0.95,"phishing,legitimate","20992,6887"
2761,linguistic_technical_rag,legitimate,legitimate,0.85,"phishing,legitimate","10085,2418"
16567,linguistic_technical_rag,legitimate,legitimate,0.95,"phishing,legitimate","20071,15957"
11969,linguistic_technical_rag,legitimate,legitimate,0.95,"phishing,legitimate","9483,12557"
12111,linguistic_technical_rag,legitimate,legitimate,0.95,"phishing,legitimate","18620,12100"
13285,linguistic_technical_rag,legitimate,legitimate,0.95,"phishing,legitimate","14418,11607"
5548,linguistic_technical_rag,legitimate,phishing,0.8,"phishing,legitimate","29554,8843"
21284,linguistic_technical_rag,legitimate,legitimate,0.95,"phishing,legitimate","29554,6628"
24636,linguistic_technical_rag,legitimate,legitimate,0.95,"phishing,legitimate","20183,2466"
17313,linguistic_technical_rag,phishing,phishing,0.85,"phishing,legitimate","27510,22344"
24774,linguistic_technical_rag,legitimate,legitimate,0.95,"phishing,legitimate","27851,25485"
1684,linguistic_technical_rag,legitimate,phishing,0.7,"phishing,legitimate","26874,25871"
7141,linguistic_technical_rag,legitimate,legitimate,0.9,"phishing,legitimate","15620,25763"
10800,linguistic_technical_rag,legitimate,legitimate,0.95,"phishing,legitimate","15195,11542"
22621,linguistic_technical_rag,phishing,phishing,0.85,"phishing,legitimate","26386,6258"
10508,linguistic_technical_rag,phishing,phishing,0.8,"phishing,legitimate","14768,7251"
24193,linguistic_technical_rag,phishing,phishing,0.85,"phishing,legitimate","24427,7466"
26371,linguistic_technical_rag,phishing,phishing,0.75,"phishing,legitimate","24127,21830"
15789,linguistic_technical_rag,phishing,phishing,0.85,"phishing,legitimate","28998,1693"
5177,linguistic_technical_rag,legitimate,phishing,0.85,"phishing,legitimate","19966,8618"
20308,linguistic_technical_rag,phishing,phishing,0.75,"phishing,legitimate","26528,1295"
7858,linguistic_technical_rag,legitimate,phishing,0.75,"phishing,legitimate","14920,7634"
20616,linguistic_technical_rag,phishing,phishing,0.85,"phishing,legitimate","18914,7658"
25604,linguistic_technical_rag,legitimate,phishing,0.85,"phishing,legitimate","23582,1820"
14163,linguistic_technical_rag,legitimate,legitimate,0.95,"phishing,legitimate","27851,10894"
9749,linguistic_technical_rag,phishing,phishing,0.8,"phishing,legitimate","23906,11399"
6204,linguistic_technical_rag,legitimate,phishing,0.75,"phishing,legitimate","24336,16478"
3918,linguistic_technical_rag,phishing,legitimate,0.85,"phishing,legitimate","4007,2637"
27324,linguistic_technical_rag,phishing,phishing,0.85,"phishing,legitimate","10006,13840"
10499,linguistic_technical_rag,phishing,phishing,0.85,"phishing,legitimate","22898,13077"
17964,linguistic_technical_rag,phishing,phishing,0.85,"phishing,legitimate","26396,13439"
9858,linguistic_technical_rag,phishing,legitimate,0.8,"phishing,legitimate","15560,6130"
21147,linguistic_technical_rag,legitimate,legitimate,0.95,"phishing,legitimate","14815,1297"
8852,linguistic_technical_rag,legitimate,legitimate,0.95,"phishing,legitimate","23782,6798"
29102,linguistic_technical_rag,phishing,phishing,0.95,"phishing,legitimate","20051,1295"
632,linguistic_technical_rag,legitimate,legitimate,0.95,"phishing,legitimate","18806,1030"
16484,linguistic_technical_rag,legitimate,legitimate,0.95,"phishing,legitimate","19734,25910"
9295,linguistic_technical_rag,phishing,phishing,0.85,"phishing,legitimate","23992,12390"
16010,linguistic_technical_rag,legitimate,phishing,0.8,phishing,28396
60,linguistic_technical_rag,legitimate,phishing,0.7,phishing,9593
7120,linguistic_technical_rag,legitimate,legitimate,0.95,"phishing,legitimate","17929,11125"
10463,linguistic_technical_rag,phishing,phishing,0.8,legitimate,3490
12771,linguistic_technical_rag,legitimate,legitimate,0.85,"phishing,legitimate","28408,21665"
7982,linguistic_technical_rag,legitimate,legitimate,0.95,"phishing,legitimate","19898,16252"
23993,linguistic_technical_rag,phishing,phishing,0.8,"phishing,legitimate","24492,5614"
26184,linguistic_technical_rag,phishing,phishing,0.85,"phishing,legitimate","28380,12467"
19179,linguistic_technical_rag,phishing,phishing,0.85,"phishing,legitimate","22898,13077"
13534,linguistic_technical_rag,legitimate,legitimate,0.95,"phishing,legitimate","26363,6902"
8617,linguistic_technical_rag,legitimate,phishing,0.85,"phishing,legitimate","19734,22403"
10097,linguistic_technical_rag,phishing,phishing,0.8,"phishing,legitimate","23315,2480"
4185,linguistic_technical_rag,phishing,phishing,0.85,"phishing,legitimate","4809,7513"
11826,linguistic_technical_rag,legitimate,legitimate,0.95,"phishing,legitimate","19045,8334"
13034,linguistic_technical_rag,legitimate,legitimate,0.95,"phishing,legitimate","28396,13167"
11506,linguistic_technical_rag,legitimate,legitimate,0.95,"phishing,legitimate","26064,3039"
29220,linguistic_technical_rag,phishing,phishing,0.7,"phishing,legitimate","28722,12439"
13690,linguistic_technical_rag,legitimate,legitimate,0.95,"phishing,legitimate","10088,13601"
19599,linguistic_technical_rag,phishing,phishing,0.85,"phishing,legitimate","17564,12390"
25291,linguistic_technical_rag,legitimate,legitimate,0.95,"phishing,legitimate","18638,5692"
7716,linguistic_technical_rag,legitimate,legitimate,0.95,"phishing,legitimate","20183,5925"
21163,linguistic_technical_rag,legitimate,legitimate,0.95,"phishing,legitimate","23364,11083"
24183,linguistic_technical_rag,phishing,phishing,0.7,legitimate,22344
26433,linguistic_technical_rag,phishing,legitimate,0.95,"phishing,legitimate","3759,14047"
21008,linguistic_technical_rag,phishing,phishing,0.75,"phishing,legitimate","20051,6071"
6549,linguistic_technical_rag,legitimate,phishing,0.7,"phishing,legitimate","29554,6809"
8824,linguistic_technical_rag,legitimate,legitimate,0.95,"phishing,legitimate","4853,5220"
23785,linguistic_technical_rag,phishing,phishing,0.8,"phishing,legitimate","24510,21411"
22211,linguistic_technical_rag,legitimate,legitimate,0.85,"phishing,legitimate","15637,5223"
19400,linguistic_technical_rag,phishing,phishing,0.75,"phishing,legitimate","29673,12265"
20172,linguistic_technical_rag,phishing,phishing,0.85,"phishing,legitimate","17999,25457"
10935,linguistic_technical_rag,legitimate,legitimate,0.95,"phishing,legitimate","19318,13581"
21954,linguistic_technical_rag,legitimate,legitimate,0.95,"phishing,legitimate","18638,5054"
9721,linguistic_technical_rag,phishing,phishing,0.85,"phishing,legitimate","22945,8080"
20065,linguistic_technical_rag,phishing,phishing,0.85,"phishing,legitimate","14364,8050"
6735,linguistic_technical_rag,legitimate,legitimate,0.95,"phishing,legitimate","14920,4936"
10843,linguistic_technical_rag,legitimate,phishing,0.75,"phishing,legitimate","29058,11542"
25333,linguistic_technical_rag,legitimate,phishing,0.75,"phishing,legitimate","29117,25262"
1716,linguistic_technical_rag,legitimate,phishing,0.75,"phishing,legitimate","28277,1807"
17536,linguistic_technical_rag,phishing,phishing,0.85,"phishing,legitimate","17789,16346"
17600,linguistic_technical_rag,phishing,phishing,0.8,"phishing,legitimate","17700,12602"
19985,linguistic_technical_rag,phishing,phishing,0.85,"phishing,legitimate","22861,5611"
8407,linguistic_technical_rag,legitimate,legitimate,0.95,"phishing,legitimate","10632,24867"
16062,linguistic_technical_rag,legitimate,phishing,0.75,phishing,28396
24097,linguistic_technical_rag,phishing,phishing,0.8,"phishing,legitimate","26584,12014"
12313,linguistic_technical_rag,legitimate,phishing,0.8,"phishing,legitimate","14562,12749"
11432,linguistic_technical_rag,legitimate,legitimate,0.85,"phishing,legitimate","27621,11427"
2207,linguistic_technical_rag,legitimate,phishing,0.7,"phishing,legitimate","27532,169"
7441,linguistic_technical_rag,legitimate,phishing,0.75,"phishing,legitimate","4511,6216"
345,linguistic_technical_rag,legitimate,phishing,0.7,phishing,27090
16219,linguistic_technical_rag,legitimate,legitimate,0.95,"phishing,legitimate","17641,1807"
7802,linguistic_technical_rag,legitimate,phishing,0.85,"phishing,legitimate","27851,6231"
25789,linguistic_technical_rag,legitimate,legitimate,0.95,"phishing,legitimate","20183,25167"
16836,linguistic_technical_rag,legitimate,phishing,0.85,phishing,28396
6093,linguistic_technical_rag,legitimate,legitimate,0.95,"phishing,legitimate","28388,6526"
13126,linguistic_technical_rag,legitimate,phishing,0.85,"phishing,legitimate","24159,8966"
25417,linguistic_technical_rag,legitimate,legitimate,0.95,"phishing,legitimate","26611,16252"
689,linguistic_technical_rag,legitimate,legitimate,0.95,"phishing,legitimate","17929,934"
27894,linguistic_technical_rag,phishing,phishing,0.85,"phishing,legitimate","26386,7700"
12046,linguistic_technical_rag,legitimate,phishing,0.8,"phishing,legitimate","29472,12057"
4503,linguistic_technical_rag,phishing,phishing,0.85,"phishing,legitimate","19310,12083"
15075,linguistic_technical_rag,phishing,phishing,0.8,"phishing,legitimate","15292,12602"
96,linguistic_technical_rag,legitimate,phishing,0.8,"phishing,legitimate","27090,201"
28842,linguistic_technical_rag,phishing,phishing,0.75,"phishing,legitimate","9899,25257"
12966,linguistic_technical_rag,legitimate,phishing,0.75,"phishing,legitimate","26397,25784"
22857,linguistic_technical_rag,phishing,phishing,0.75,"phishing,legitimate","4824,11125"
3267,linguistic_technical_rag,legitimate,legitimate,0.85,"phishing,legitimate","29096,3251"
25744,linguistic_technical_rag,legitimate,legitimate,0.9,"phishing,legitimate","20120,25910"
16105,linguistic_technical_rag,legitimate,legitimate,0.95,"phishing,legitimate","9793,16734"
25854,linguistic_technical_rag,legitimate,legitimate,0.95,"phishing,legitimate","20183,25167"
6183,linguistic_technical_rag,legitimate,legitimate,0.95,"phishing,legitimate","26049,7465"
24154,linguistic_technical_rag,phishing,phishing,0.8,"phishing,legitimate","23970,2480"
10427,linguistic_technical_rag,phishing,phishing,0.85,"phishing,legitimate","24403,1295"
27565,linguistic_technical_rag,phishing,phishing,0.8,"phishing,legitimate","17853,1441"
7099,linguistic_technical_rag,legitimate,phishing,0.85,"phishing,legitimate","14338,21137"
25323,linguistic_technical_rag,legitimate,legitimate,0.95,"phishing,legitimate","10057,25213"
1897,linguistic_technical_rag,legitimate,legitimate,0.95,"phishing,legitimate","4833,1902"
3312,linguistic_technical_rag,legitimate,phishing,0.85,"phishing,legitimate","18557,8626"
9681,linguistic_technical_rag,phishing,phishing,0.85,"phishing,legitimate","27225,11167"
11847,linguistic_technical_rag,legitimate,phishing,0.8,"phishing,legitimate","14418,11853"
26963,linguistic_technical_rag,phishing,phishing,0.85,"phishing,legitimate","28306,568"
11815,linguistic_technical_rag,legitimate,phishing,0.8,"phishing,legitimate","20071,13251"
27947,linguistic_technical_rag,phishing,phishing,0.8,"phishing,legitimate","28720,1706"
21682,linguistic_technical_rag,legitimate,legitimate,0.95,"phishing,legitimate","3986,7673"
25387,linguistic_technical_rag,legitimate,phishing,0.8,"phishing,legitimate","10057,25572"
14224,linguistic_technical_rag,legitimate,legitimate,0.95,"phishing,legitimate","15637,11853"
22831,linguistic_technical_rag,phishing,phishing,0.85,"phishing,legitimate","22898,6628"
13805,linguistic_technical_rag,legitimate,phishing,0.8,"phishing,legitimate","4423,13696"
964,linguistic_technical_rag,legitimate,legitimate,0.95,"phishing,legitimate","20004,3082"
21550,linguistic_technical_rag,legitimate,legitimate,0.85,"phishing,legitimate","4511,4965"
17446,linguistic_technical_rag,phishing,phishing,0.85,"phishing,legitimate","18072,235"
27594,linguistic_technical_rag,phishing,phishing,0.8,"phishing,legitimate","29354,13663"
766,linguistic_technical_rag,legitimate,legitimate,0.95,"phishing,legitimate","28167,732"
5359,linguistic_technical_rag,legitimate,legitimate,0.95,"phishing,legitimate","4511,5328"
10932,linguistic_technical_rag,legitimate,phishing,0.75,"phishing,legitimate","9587,7466"
26559,linguistic_technical_rag,phishing,phishing,0.85,"phishing,legitimate","23038,16582"
8648,linguistic_technical_rag,legitimate,legitimate,0.95,"phishing,legitimate","15637,11167"
16622,linguistic_technical_rag,legitimate,phishing,0.75,"phishing,legitimate","18071,2587"
18571,linguistic_technical_rag,phishing,phishing,0.85,"phishing,legitimate","23254,6071"
4785,linguistic_technical_rag,phishing,phishing,0.8,"phishing,legitimate","3593,2095"
17149,linguistic_technical_rag,legitimate,phishing,0.85,phishing,19814
8136,linguistic_technical_rag,legitimate,phishing,0.8,"phishing,legitimate","4511,6851"
24842,linguistic_technical_rag,legitimate,legitimate,0.95,"phishing,legitimate","23101,16400"
17235,linguistic_technical_rag,legitimate,phishing,0.8,phishing,19814
26856,linguistic_technical_rag,phishing,phishing,0.75,"phishing,legitimate","17956,1696"
13963,linguistic_technical_rag,legitimate,legitimate,0.9,"phishing,legitimate","19758,13699"
26489,linguistic_technical_rag,phishing,legitimate,0.85,"phishing,legitimate","20690,8527"
11710,linguistic_technical_rag,legitimate,legitimate,0.95,"phishing,legitimate","23796,11779"
25653,linguistic_technical_rag,legitimate,legitimate,0.95,"phishing,legitimate","9483,25338"
19405,linguistic_technical_rag,phishing,phishing,0.85,"phishing,legitimate","19734,22341"
10783,linguistic_technical_rag,legitimate,legitimate,0.95,"phishing,legitimate","14562,2904"
21765,linguistic_technical_rag,legitimate,phishing,0.85,"phishing,legitimate","28902,25160"
1905,linguistic_technical_rag,legitimate,legitimate,0.85,"phishing,legitimate","23438,1902"
26600,linguistic_technical_rag,phishing,phishing,0.85,"phishing,legitimate","26424,11765"
5487,linguistic_technical_rag,legitimate,legitimate,0.95,"phishing,legitimate","26769,6628"
7354,linguistic_technical_rag,legitimate,legitimate,0.95,"phishing,legitimate","4511,6851"
15180,linguistic_technical_rag,phishing,phishing,0.85,"phishing,legitimate","28373,22174"
29403,linguistic_technical_rag,phishing,phishing,0.85,"phishing,legitimate","29619,1820"
1544,linguistic_technical_rag,legitimate,phishing,0.75,"phishing,legitimate","29096,8534"
2787,linguistic_technical_rag,legitimate,legitimate,0.95,"phishing,legitimate","4423,1280"
19076,linguistic_technical_rag,phishing,phishing,0.8,"phishing,legitimate","3616,6231"
3198,linguistic_technical_rag,legitimate,legitimate,0.95,"phishing,legitimate","3964,25014"
7059,linguistic_technical_rag,legitimate,phishing,0.8,"phishing,legitimate","17562,2520"
2241,linguistic_technical_rag,legitimate,phishing,0.75,"phishing,legitimate","19898,2464"
24665,linguistic_technical_rag,legitimate,legitimate,0.95,"phishing,legitimate","20183,25167"
6469,linguistic_technical_rag,legitimate,phishing,0.85,"phishing,legitimate","9901,6551"
9888,linguistic_technical_rag,phishing,phishing,0.85,"phishing,legitimate","26395,12014"
17517,linguistic_technical_rag,phishing,phishing,0.85,"phishing,legitimate","19249,6320"
6615,linguistic_technical_rag,legitimate,phishing,0.85,"phishing,legitimate","29096,6616"
7916,linguistic_technical_rag,legitimate,phishing,0.8,"phishing,legitimate","14920,4949"
22126,linguistic_technical_rag,legitimate,legitimate,0.95,"phishing,legitimate","20120,7634"
28794,linguistic_technical_rag,phishing,phishing,0.8,"phishing,legitimate","15555,24647"
13318,linguistic_technical_rag,legitimate,legitimate,0.85,"phishing,legitimate","14774,22308"
26654,linguistic_technical_rag,phishing,phishing,0.85,"phishing,legitimate","15238,1820"
23304,linguistic_technical_rag,phishing,phishing,0.85,"phishing,legitimate","23337,12014"
22708,linguistic_technical_rag,phishing,phishing,0.8,"phishing,legitimate","9957,5761"
4278,linguistic_technical_rag,phishing,phishing,0.85,"phishing,legitimate","19340,6071"
6416,linguistic_technical_rag,legitimate,legitimate,0.95,"phishing,legitimate","4511,6780"
16130,linguistic_technical_rag,legitimate,legitimate,0.95,"phishing,legitimate","20120,24870"
21841,linguistic_technical_rag,legitimate,legitimate,0.95,"phishing,legitimate","3533,6506"
23969,linguistic_technical_rag,phishing,phishing,0.85,legitimate,12139
15609,linguistic_technical_rag,phishing,phishing,0.8,"phishing,legitimate","29108,13663"
9874,linguistic_technical_rag,phishing,phishing,0.85,"phishing,legitimate","9641,8545"
22342,linguistic_technical_rag,legitimate,phishing,0.85,"phishing,legitimate","20612,6231"
15814,linguistic_technical_rag,phishing,phishing,0.8,"phishing,legitimate","3562,6323"
7768,linguistic_technical_rag,legitimate,phishing,0.85,"phishing,legitimate","18557,22382"
3680,linguistic_technical_rag,phishing,phishing,0.95,"phishing,legitimate","9822,1458"
29114,linguistic_technical_rag,phishing,phishing,0.85,"phishing,legitimate","20255,7700"
12094,linguistic_technical_rag,legitimate,legitimate,0.95,"phishing,legitimate","24380,13514"
15575,linguistic_technical_rag,phishing,phishing,0.85,"phishing,legitimate","15701,16796"
20868,linguistic_technical_rag,phishing,phishing,0.85,"phishing,legitimate","19898,13605"
14861,linguistic_technical_rag,phishing,phishing,0.85,"phishing,legitimate","15421,7867"
4825,linguistic_technical_rag,phishing,phishing,0.85,"phishing,legitimate","20603,21669"
29417,linguistic_technical_rag,phishing,phishing,0.85,"phishing,legitimate","28944,7700"
14171,linguistic_technical_rag,legitimate,legitimate,0.95,"phishing,legitimate","27412,282"
8045,linguistic_technical_rag,legitimate,legitimate,0.85,"phishing,legitimate","27151,8843"
3956,linguistic_technical_rag,phishing,phishing,0.85,"phishing,legitimate","18077,1788"
7404,linguistic_technical_rag,legitimate,legitimate,0.95,"phishing,legitimate","4511,8851"
311,linguistic_technical_rag,legitimate,phishing,0.85,phishing,19079
9188,linguistic_technical_rag,phishing,phishing,0.8,"phishing,legitimate","10449,6200"
4269,linguistic_technical_rag,phishing,phishing,0.85,"phishing,legitimate","20255,12923"
5551,linguistic_technical_rag,legitimate,legitimate,0.95,"phishing,legitimate","17564,7292"
1008,linguistic_technical_rag,legitimate,legitimate,0.95,"phishing,legitimate","18191,2058"
28035,linguistic_technical_rag,phishing,phishing,0.85,"phishing,legitimate","3761,8507"
16090,linguistic_technical_rag,legitimate,phishing,0.85,phishing,28396
6476,linguistic_technical_rag,legitimate,phishing,0.8,"phishing,legitimate","9901,4861"
17984,linguistic_technical_rag,phishing,phishing,0.8,"phishing,legitimate","28612,6162"
23473,linguistic_technical_rag,phishing,phishing,0.85,"phishing,legitimate","17846,12109"
23257,linguistic_technical_rag,phishing,phishing,0.85,"phishing,legitimate","23290,13840"
7411,linguistic_technical_rag,legitimate,legitimate,0.95,"phishing,legitimate","4511,7338"
16492,linguistic_technical_rag,legitimate,legitimate,0.95,"phishing,legitimate","3512,12832"
22303,linguistic_technical_rag,legitimate,phishing,0.85,"phishing,legitimate","19734,22382"
25905,linguistic_technical_rag,legitimate,phishing,0.8,"phishing,legitimate","23364,26031"
13170,linguistic_technical_rag,legitimate,legitimate,0.95,"phishing,legitimate","29629,13045"
27370,linguistic_technical_rag,phishing,phishing,0.85,"phishing,legitimate","24491,13840"
13336,linguistic_technical_rag,legitimate,legitimate,0.95,"phishing,legitimate","23364,21764"
26882,linguistic_technical_rag,phishing,phishing,0.85,"phishing,legitimate","14828,11572"
24171,linguistic_technical_rag,phishing,phishing,0.85,"phishing,legitimate","24437,5614"
1460,linguistic_technical_rag,legitimate,legitimate,0.95,"phishing,legitimate","27090,1533"
27649,linguistic_technical_rag,phishing,phishing,0.95,"phishing,legitimate","18534,16397"
11764,linguistic_technical_rag,legitimate,legitimate,0.95,"phishing,legitimate","3533,11712"
26877,linguistic_technical_rag,phishing,phishing,0.8,"phishing,legitimate","15016,13711"
24130,linguistic_technical_rag,phishing,phishing,0.85,"phishing,legitimate","10373,11167"
19960,linguistic_technical_rag,phishing,phishing,0.95,"phishing,legitimate","4648,6071"
8352,linguistic_technical_rag,legitimate,legitimate,0.95,"phishing,legitimate","15718,6277"
22951,linguistic_technical_rag,phishing,phishing,0.85,"phishing,legitimate","26759,1657"
10530,linguistic_technical_rag,phishing,phishing,0.85,legitimate,12139
7223,linguistic_technical_rag,legitimate,legitimate,0.95,"phishing,legitimate","4511,25012"
5702,linguistic_technical_rag,legitimate,legitimate,0.95,"phishing,legitimate","18437,6889"
5352,linguistic_technical_rag,legitimate,legitimate,0.95,"phishing,legitimate","4511,8733"
8236,linguistic_technical_rag,legitimate,legitimate,0.95,"phishing,legitimate","28236,8239"
19909,linguistic_technical_rag,phishing,phishing,0.85,"phishing,legitimate","21054,5689"
18506,linguistic_technical_rag,phishing,phishing,0.75,"phishing,legitimate","28186,8909"
2220,linguistic_technical_rag,legitimate,legitimate,0.95,"phishing,legitimate","17667,2319"
9885,linguistic_technical_rag,phishing,phishing,0.85,"phishing,legitimate","23496,2490"
11959,linguistic_technical_rag,legitimate,legitimate,0.95,"phishing,legitimate","29438,6951"
6413,linguistic_technical_rag,legitimate,legitimate,0.95,"phishing,legitimate","29554,6464"
28579,linguistic_technical_rag,phishing,phishing,0.95,"phishing,legitimate","15391,6231"
21895,linguistic_technical_rag,legitimate,phishing,0.85,"phishing,legitimate","4511,21853"
14600,linguistic_technical_rag,phishing,phishing,0.85,"phishing,legitimate","14947,11399"
156,linguistic_technical_rag,legitimate,phishing,0.75,"phishing,legitimate","18342,350"
6145,linguistic_technical_rag,legitimate,legitimate,0.95,"phishing,legitimate","19830,8968"
24543,linguistic_technical_rag,phishing,phishing,0.85,"phishing,legitimate","23827,7688"
14426,linguistic_technical_rag,phishing,phishing,0.75,"phishing,legitimate","26423,11779"
23501,linguistic_technical_rag,phishing,phishing,0.85,"phishing,legitimate","20972,25043"
16438,linguistic_technical_rag,legitimate,legitimate,0.95,"phishing,legitimate","22958,16434"
17199,linguistic_technical_rag,legitimate,phishing,0.8,phishing,28396
22974,linguistic_technical_rag,phishing,phishing,0.85,"phishing,legitimate","19553,2290"
10807,linguistic_technical_rag,legitimate,phishing,0.8,"phishing,legitimate","10057,11309"
4411,linguistic_technical_rag,phishing,phishing,0.85,"phishing,legitimate","17523,1085"
11789,linguistic_technical_rag,legitimate,legitimate,0.95,"phishing,legitimate","14408,11816"
19308,linguistic_technical_rag,phishing,phishing,0.85,"phishing,legitimate","14907,25262"
12282,linguistic_technical_rag,legitimate,legitimate,0.95,"phishing,legitimate","17929,12318"
11424,linguistic_technical_rag,legitimate,legitimate,0.95,"phishing,legitimate","14418,11414"
13147,linguistic_technical_rag,legitimate,legitimate,0.95,"phishing,legitimate","18638,21501"
15343,linguistic_technical_rag,phishing,phishing,0.85,"phishing,legitimate","15586,26024"
25205,linguistic_technical_rag,legitimate,legitimate,0.95,"phishing,legitimate","22988,25030"
6522,linguistic_technical_rag,legitimate,phishing,0.85,"phishing,legitimate","14920,6506"
12995,linguistic_technical_rag,legitimate,legitimate,0.95,"phishing,legitimate","18071,6591"
5654,linguistic_technical_rag,legitimate,legitimate,0.85,"phishing,legitimate","14418,7875"
28300,linguistic_technical_rag,phishing,phishing,0.8,"phishing,legitimate","14357,21764"
22202,linguistic_technical_rag,legitimate,phishing,0.8,"phishing,legitimate","4511,16662"
14439,linguistic_technical_rag,phishing,phishing,0.85,"phishing,legitimate","9790,21741"
3353,linguistic_technical_rag,legitimate,legitimate,0.95,"phishing,legitimate","29132,3271"
27407,linguistic_technical_rag,phishing,phishing,0.85,"phishing,legitimate","26338,14199"
4972,linguistic_technical_rag,legitimate,legitimate,0.95,"phishing,legitimate","20895,5082"
19239,linguistic_technical_rag,phishing,phishing,0.75,"phishing,legitimate","29444,10986"
21117,linguistic_technical_rag,legitimate,legitimate,0.95,"phishing,legitimate","29117,7712"
1734,linguistic_technical_rag,legitimate,legitimate,0.95,"phishing,legitimate","15369,25257"
17141,linguistic_technical_rag,legitimate,phishing,0.75,phishing,28396
14956,linguistic_technical_rag,phishing,phishing,0.8,"phishing,legitimate","26229,25262"
21116,linguistic_technical_rag,legitimate,legitimate,0.95,"phishing,legitimate","14418,21958"
1623,linguistic_technical_rag,legitimate,legitimate,0.95,"phishing,legitimate","19898,16434"
16675,linguistic_technical_rag,legitimate,legitimate,0.95,"phishing,legitimate","23782,16315"
12997,linguistic_technical_rag,legitimate,legitimate,0.95,"phishing,legitimate","29438,10924"
18794,linguistic_technical_rag,phishing,phishing,0.85,"phishing,legitimate","17759,25252"
10840,linguistic_technical_rag,legitimate,legitimate,0.95,"phishing,legitimate","28167,10827"
14706,linguistic_technical_rag,phishing,phishing,0.8,"phishing,legitimate","29457,6347"
3546,linguistic_technical_rag,phishing,phishing,0.85,"phishing,legitimate","19977,8581"
24198,linguistic_technical_rag,phishing,phishing,0.8,"phishing,legitimate","29427,16277"
17188,linguistic_technical_rag,legitimate,phishing,0.75,phishing,28396
21708,linguistic_technical_rag,legitimate,legitimate,0.95,"phishing,legitimate","28408,1712"
2786,linguistic_technical_rag,legitimate,phishing,0.8,"phishing,legitimate","17562,164"
6961,linguistic_technical_rag,legitimate,legitimate,0.95,"phishing,legitimate","28388,5935"
23289,linguistic_technical_rag,phishing,phishing,0.85,"phishing,legitimate","23254,6071"
8652,linguistic_technical_rag,legitimate,legitimate,0.95,"phishing,legitimate","9675,7338"
26748,linguistic_technical_rag,phishing,phishing,0.85,"phishing,legitimate","17564,16315"
20959,linguistic_technical_rag,phishing,phishing,0.85,"phishing,legitimate","26703,13849"
14033,linguistic_technical_rag,legitimate,legitimate,0.95,"phishing,legitimate","9226,25081"
26128,linguistic_technical_rag,phishing,phishing,0.8,"phishing,legitimate","20972,6130"
16753,linguistic_technical_rag,legitimate,legitimate,0.95,"phishing,legitimate","10085,16277"
24194,linguistic_technical_rag,phishing,phishing,0.85,"phishing,legitimate","22873,12114"
17093,linguistic_technical_rag,legitimate,phishing,0.7,phishing,28396
7090,linguistic_technical_rag,legitimate,legitimate,0.95,"phishing,legitimate","10439,6932"
23165,linguistic_technical_rag,phishing,phishing,0.85,"phishing,legitimate","23101,21194"
13630,linguistic_technical_rag,legitimate,legitimate,0.95,"phishing,legitimate","9866,13745"
5198,linguistic_technical_rag,legitimate,legitimate,0.95,"phishing,legitimate","18437,6494"
28375,linguistic_technical_rag,phishing,phishing,0.85,"phishing,legitimate","22898,12114"
2600,linguistic_technical_rag,legitimate,legitimate,0.95,"phishing,legitimate","9483,2124"
14001,linguistic_technical_rag,legitimate,legitimate,0.95,"phishing,legitimate","22539,12054"
6262,linguistic_technical_rag,legitimate,legitimate,0.85,"phishing,legitimate","9901,6889"
21834,linguistic_technical_rag,legitimate,phishing,0.8,"phishing,legitimate","26049,21777"
27456,linguistic_technical_rag,phishing,phishing,0.85,"phishing,legitimate","14955,7561"
21583,linguistic_technical_rag,legitimate,legitimate,0.75,"phishing,legitimate","10088,2569"
2211,linguistic_technical_rag,legitimate,legitimate,0.95,"phishing,legitimate","18914,1286"
21417,linguistic_technical_rag,legitimate,legitimate,0.95,"phishing,legitimate","27090,14199"
19808,linguistic_technical_rag,phishing,phishing,0.85,"phishing,legitimate","23364,1647"
26851,linguistic_technical_rag,phishing,phishing,0.8,"phishing,legitimate","23750,13810"
4180,linguistic_technical_rag,phishing,phishing,0.85,"phishing,legitimate","4304,1696"
28235,linguistic_technical_rag,phishing,phishing,0.85,"phishing,legitimate","20690,8527"
61,linguistic_technical_rag,legitimate,phishing,0.85,phishing,27090
9521,linguistic_technical_rag,phishing,phishing,0.85,"phishing,legitimate","23015,7857"
19087,linguistic_technical_rag,phishing,phishing,0.85,"phishing,legitimate","23101,11399"
21288,linguistic_technical_rag,legitimate,legitimate,0.95,"phishing,legitimate","9607,22406"
17526,linguistic_technical_rag,phishing,phishing,0.8,"phishing,legitimate","19830,8155"
21617,linguistic_technical_rag,legitimate,phishing,0.7,"phishing,legitimate","3906,21623"
25992,linguistic_technical_rag,legitimate,legitimate,0.95,"phishing,legitimate","10234,7251"
3881,linguistic_technical_rag,phishing,phishing,0.8,"phishing,legitimate","21054,13077"
15496,linguistic_technical_rag,phishing,phishing,0.8,"phishing,legitimate","15126,21178"
22450,linguistic_technical_rag,phishing,phishing,0.85,"phishing,legitimate","28261,5165"
16749,linguistic_technical_rag,legitimate,legitimate,0.95,"phishing,legitimate","24225,16742"
14917,linguistic_technical_rag,phishing,phishing,0.85,"phishing,legitimate","20299,11141"
5585,linguistic_technical_rag,legitimate,legitimate,0.95,"phishing,legitimate","4802,5220"
12253,linguistic_technical_rag,legitimate,phishing,0.85,"phishing,legitimate","17737,12265"
24303,linguistic_technical_rag,phishing,phishing,0.85,legitimate,3490
14165,linguistic_technical_rag,legitimate,phishing,0.85,"phishing,legitimate","10085,12441"
3809,linguistic_technical_rag,phishing,phishing,0.85,"phishing,legitimate","3738,12390"
20869,linguistic_technical_rag,phishing,phishing,0.85,"phishing,legitimate","20692,1820"
1912,linguistic_technical_rag,legitimate,phishing,0.75,"phishing,legitimate","20071,25093"
28613,linguistic_technical_rag,phishing,phishing,0.75,"phishing,legitimate","28859,6291"
6598,linguistic_technical_rag,legitimate,legitimate,0.95,"phishing,legitimate","14617,6719"
1224,linguistic_technical_rag,legitimate,legitimate,0.95,"phishing,legitimate","27851,2317"
5337,linguistic_technical_rag,legitimate,legitimate,0.95,"phishing,legitimate","29438,6356"
24930,linguistic_technical_rag,legitimate,legitimate,0.95,"phishing,legitimate","28396,16400"
15633,linguistic_technical_rag,phishing,phishing,0.8,"phishing,legitimate","17493,6200"
11865,linguistic_technical_rag,legitimate,legitimate,0.95,"phishing,legitimate","26064,25030"
26772,linguistic_technical_rag,phishing,phishing,0.8,"phishing,legitimate","20385,5340"
25930,linguistic_technical_rag,legitimate,legitimate,0.95,"phishing,legitimate","18993,25122"
17165,linguistic_technical_rag,legitimate,phishing,0.85,phishing,19814
19476,linguistic_technical_rag,phishing,phishing,0.8,"phishing,legitimate","26049,1367"
15516,linguistic_technical_rag,phishing,phishing,0.85,"phishing,legitimate","29475,1693"
28541,linguistic_technical_rag,phishing,phishing,0.85,"phishing,legitimate","23781,13606"
8952,linguistic_technical_rag,legitimate,legitimate,0.95,"phishing,legitimate","24492,9003"
7955,linguistic_technical_rag,legitimate,legitimate,0.85,"phishing,legitimate","28306,7984"
4039,linguistic_technical_rag,phishing,phishing,0.85,"phishing,legitimate","28903,2014"
183,linguistic_technical_rag,legitimate,legitimate,0.85,"phishing,legitimate","27090,140"
8227,linguistic_technical_rag,legitimate,phishing,0.75,"phishing,legitimate","18493,5935"
15400,linguistic_technical_rag,phishing,phishing,0.85,"phishing,legitimate","23781,11141"
2430,linguistic_technical_rag,legitimate,legitimate,0.95,"phishing,legitimate","23401,21706"
7498,linguistic_technical_rag,legitimate,legitimate,0.95,"phishing,legitimate","20183,701"
2759,linguistic_technical_rag,legitimate,legitimate,0.95,"phishing,legitimate","10085,2464"
7988,linguistic_technical_rag,legitimate,legitimate,0.95,"phishing,legitimate","19898,8291"
6225,linguistic_technical_rag,legitimate,legitimate,0.85,"phishing,legitimate","26174,6347"
1091,linguistic_technical_rag,legitimate,legitimate,0.85,"phishing,legitimate","28706,21958"
18555,linguistic_technical_rag,phishing,phishing,0.85,"phishing,legitimate","22661,13849"
16390,linguistic_technical_rag,legitimate,phishing,0.8,"phishing,legitimate","15369,22237"
16566,linguistic_technical_rag,legitimate,phishing,0.75,"phishing,legitimate","23251,8944"
18917,linguistic_technical_rag,phishing,phishing,0.85,"phishing,legitimate","18915,6162"
7267,linguistic_technical_rag,legitimate,legitimate,0.95,"phishing,legitimate","4511,11440"
15585,linguistic_technical_rag,phishing,phishing,0.85,"phishing,legitimate","29077,6464"
25411,linguistic_technical_rag,legitimate,phishing,0.85,"phishing,legitimate","22608,6715"
22552,linguistic_technical_rag,phishing,phishing,0.85,"phishing,legitimate","20972,2480"
7094,linguistic_technical_rag,legitimate,legitimate,0.95,"phishing,legitimate","23782,21353"
18389,linguistic_technical_rag,phishing,phishing,0.85,"phishing,legitimate","15292,1246"
26210,linguistic_technical_rag,phishing,phishing,0.75,"phishing,legitimate","4206,11908"
4378,linguistic_technical_rag,phishing,phishing,0.85,"phishing,legitimate","22731,1706"
7565,linguistic_technical_rag,legitimate,legitimate,0.95,"phishing,legitimate","9901,5557"
27614,linguistic_technical_rag,phishing,phishing,0.85,"phishing,legitimate","15555,21830"
6570,linguistic_technical_rag,legitimate,legitimate,0.95,"phishing,legitimate","14920,4865"
16238,linguistic_technical_rag,legitimate,phishing,0.8,"phishing,legitimate","29629,7996"
21773,linguistic_technical_rag,legitimate,phishing,0.75,"phishing,legitimate","18437,8959"
6409,linguistic_technical_rag,legitimate,legitimate,0.95,"phishing,legitimate","14617,6628"
26852,linguistic_technical_rag,phishing,phishing,0.85,"phishing,legitimate","28944,7023"
11754,linguistic_technical_rag,legitimate,phishing,0.7,"phishing,legitimate","14955,11712"
12383,linguistic_technical_rag,legitimate,legitimate,0.9,"phishing,legitimate","9587,14111"
22756,linguistic_technical_rag,phishing,phishing,0.75,"phishing,legitimate","4787,8559"
27928,linguistic_technical_rag,phishing,phishing,0.85,"phishing,legitimate","19494,2404"
11486,linguistic_technical_rag,legitimate,legitimate,0.95,"phishing,legitimate","27350,13494"
6697,linguistic_technical_rag,legitimate,legitimate,0.95,"phishing,legitimate","20895,6488"
18378,linguistic_technical_rag,phishing,phishing,0.85,"phishing,legitimate","3922,25262"
23189,linguistic_technical_rag,phishing,phishing,0.75,"phishing,legitimate","24164,11779"
8762,linguistic_technical_rag,legitimate,legitimate,0.95,"phishing,legitimate","19802,8746"
393,linguistic_technical_rag,legitimate,phishing,0.8,"phishing,legitimate","27090,283"
20055,linguistic_technical_rag,phishing,phishing,0.85,"phishing,legitimate","19742,25262"
15762,linguistic_technical_rag,phishing,phishing,0.85,"phishing,legitimate","28123,21411"
17017,linguistic_technical_rag,legitimate,phishing,0.85,phishing,19814
3909,linguistic_technical_rag,phishing,phishing,0.85,"phishing,legitimate","3900,8507"
5909,linguistic_technical_rag,legitimate,legitimate,0.95,"phishing,legitimate","18931,8515"
5697,linguistic_technical_rag,legitimate,phishing,0.85,"phishing,legitimate","4749,10827"
8113,linguistic_technical_rag,legitimate,legitimate,0.95,"phishing,legitimate","15248,7577"
18641,linguistic_technical_rag,phishing,phishing,0.85,"phishing,legitimate","18596,6162"
7960,linguistic_technical_rag,legitimate,phishing,0.8,"phishing,legitimate","17737,12083"
14699,linguistic_technical_rag,phishing,phishing,0.85,"phishing,legitimate","29427,25262"
25115,linguistic_technical_rag,legitimate,legitimate,0.95,"phishing,legitimate","24225,24800"
20655,linguistic_technical_rag,phishing,phishing,0.85,"phishing,legitimate","28099,754"
19536,linguistic_technical_rag,phishing,phishing,0.85,"phishing,legitimate","23452,25502"
24463,linguistic_technical_rag,phishing,phishing,0.85,"phishing,legitimate","24546,8938"
3044,linguistic_technical_rag,legitimate,legitimate,0.95,"phishing,legitimate","20183,3050"
11468,linguistic_technical_rag,legitimate,phishing,0.8,"phishing,legitimate","3528,11440"
27897,linguistic_technical_rag,phishing,legitimate,0.75,"phishing,legitimate","3906,11524"
15168,linguistic_technical_rag,phishing,phishing,0.85,"phishing,legitimate","19288,6231"
12171,linguistic_technical_rag,legitimate,legitimate,0.85,"phishing,legitimate","9675,5229"
17168,linguistic_technical_rag,legitimate,phishing,0.75,phishing,19814
18628,linguistic_technical_rag,phishing,phishing,0.85,"phishing,legitimate","14755,8735"
15989,linguistic_technical_rag,legitimate,phishing,0.85,phishing,28396
10063,linguistic_technical_rag,phishing,phishing,0.85,"phishing,legitimate","23476,13840"
1385,linguistic_technical_rag,legitimate,legitimate,0.95,"phishing,legitimate","4511,1447"
18470,linguistic_technical_rag,phishing,phishing,0.85,"phishing,legitimate","10167,6347"
11134,linguistic_technical_rag,legitimate,legitimate,0.95,"phishing,legitimate","22975,7234"
6761,linguistic_technical_rag,legitimate,legitimate,0.95,"phishing,legitimate","19966,4861"
28691,linguistic_technical_rag,phishing,phishing,0.8,"phishing,legitimate","20255,10994"
2391,linguistic_technical_rag,legitimate,phishing,0.7,"phishing,legitimate","27533,2843"
15324,linguistic_technical_rag,phishing,phishing,0.85,"phishing,legitimate","15556,6581"
1600,linguistic_technical_rag,legitimate,phishing,0.85,"phishing,legitimate","20692,24855"
5495,linguistic_technical_rag,legitimate,legitimate,0.95,"phishing,legitimate","28236,8843"
10789,linguistic_technical_rag,legitimate,legitimate,0.85,"phishing,legitimate","14664,13840"
23642,linguistic_technical_rag,phishing,phishing,0.85,legitimate,12139
23280,linguistic_technical_rag,phishing,phishing,0.75,"phishing,legitimate","20895,5113"
15392,linguistic_technical_rag,phishing,phishing,0.85,"phishing,legitimate","28720,1458"
24827,linguistic_technical_rag,legitimate,legitimate,0.95,"phishing,legitimate","29087,25322"
8525,linguistic_technical_rag,legitimate,phishing,0.85,"phishing,legitimate","18495,6142"
16335,linguistic_technical_rag,legitimate,legitimate,0.95,"phishing,legitimate","29212,25467"
16482,linguistic_technical_rag,legitimate,phishing,0.7,"phishing,legitimate","23782,25093"
17243,linguistic_technical_rag,legitimate,phishing,0.75,phishing,28396
21630,linguistic_technical_rag,legitimate,phishing,0.75,"phishing,legitimate","27851,21245"
17312,linguistic_technical_rag,phishing,phishing,0.85,"phishing,legitimate","18799,2480"
2622,linguistic_technical_rag,legitimate,legitimate,0.95,"phishing,legitimate","20183,2626"
22049,linguistic_technical_rag,legitimate,phishing,0.75,"phishing,legitimate","10640,2228"
28376,linguistic_technical_rag,phishing,phishing,0.8,legitimate,8527
7105,linguistic_technical_rag,legitimate,phishing,0.85,"phishing,legitimate","18971,551"
24203,linguistic_technical_rag,phishing,phishing,0.85,"phishing,legitimate","24530,11770"
21498,linguistic_technical_rag,legitimate,phishing,0.8,"phishing,legitimate","27776,21540"
11157,linguistic_technical_rag,legitimate,legitimate,0.95,"phishing,legitimate","26049,11011"
25232,linguistic_technical_rag,legitimate,legitimate,0.95,"phishing,legitimate","19898,25021"
29152,linguistic_technical_rag,phishing,phishing,0.85,"phishing,legitimate","17641,11385"
21836,linguistic_technical_rag,legitimate,legitimate,0.95,"phishing,legitimate","10085,21853"
1611,linguistic_technical_rag,legitimate,phishing,0.8,"phishing,legitimate","20863,25676"
9543,linguistic_technical_rag,phishing,phishing,0.8,"phishing,legitimate","9607,1697"
23240,linguistic_technical_rag,phishing,phishing,0.8,"phishing,legitimate","18599,2124"
14857,linguistic_technical_rag,phishing,phishing,0.8,"phishing,legitimate","14743,1381"
24659,linguistic_technical_rag,legitimate,legitimate,0.95,"phishing,legitimate","19758,25087"
15438,linguistic_technical_rag,phishing,phishing,0.85,"phishing,legitimate","27317,6258"
21458,linguistic_technical_rag,legitimate,legitimate,0.85,"phishing,legitimate","15016,26031"
529,linguistic_technical_rag,legitimate,legitimate,0.95,"phishing,legitimate","4388,116"
27044,linguistic_technical_rag,phishing,phishing,0.85,"phishing,legitimate","14684,25910"
13086,linguistic_technical_rag,legitimate,legitimate,0.95,"phishing,legitimate","4511,7634"
29199,linguistic_technical_rag,phishing,phishing,0.95,"phishing,legitimate","23254,10648"
13024,linguistic_technical_rag,legitimate,legitimate,0.95,"phishing,legitimate","28306,22232"
23155,linguistic_technical_rag,phishing,phishing,0.8,"phishing,legitimate","15706,6258"
28168,linguistic_technical_rag,phishing,phishing,0.85,"phishing,legitimate","28085,2637"
5966,linguistic_technical_rag,legitimate,legitimate,0.95,"phishing,legitimate","4511,6851"
13816,linguistic_technical_rag,legitimate,legitimate,0.95,"phishing,legitimate","26049,12891"
10931,linguistic_technical_rag,legitimate,legitimate,0.85,"phishing,legitimate","4511,10958"
13698,linguistic_technical_rag,legitimate,legitimate,0.95,"phishing,legitimate","20537,6215"
265,linguistic_technical_rag,legitimate,phishing,0.85,phishing,27090
11403,linguistic_technical_rag,legitimate,legitimate,0.95,"phishing,legitimate","19122,11414"
10145,linguistic_technical_rag,phishing,phishing,0.8,"phishing,legitimate","29080,8527"
2796,linguistic_technical_rag,legitimate,legitimate,0.95,"phishing,legitimate","27533,2418"
13485,linguistic_technical_rag,legitimate,legitimate,0.95,"phishing,legitimate","9953,2452"
8574,linguistic_technical_rag,legitimate,legitimate,0.95,"phishing,legitimate","22938,8559"
24018,linguistic_technical_rag,phishing,phishing,0.8,"phishing,legitimate","23970,13836"
2080,linguistic_technical_rag,legitimate,legitimate,0.95,"phishing,legitimate","4388,2004"
16235,linguistic_technical_rag,legitimate,legitimate,0.95,"phishing,legitimate","26049,25324"
9742,linguistic_technical_rag,phishing,phishing,0.85,"phishing,legitimate","10004,6258"
9015,linguistic_technical_rag,legitimate,phishing,0.85,"phishing,legitimate","4511,21440"
22426,linguistic_technical_rag,legitimate,phishing,0.85,"phishing,legitimate","19734,22382"
29450,linguistic_technical_rag,phishing,phishing,0.85,"phishing,legitimate","20220,24647"
10446,linguistic_technical_rag,phishing,phishing,0.85,"phishing,legitimate","22661,6258"
3093,linguistic_technical_rag,legitimate,legitimate,0.95,"phishing,legitimate","20872,3111"
16804,linguistic_technical_rag,legitimate,legitimate,0.95,"phishing,legitimate","17737,2569"
29574,linguistic_technical_rag,phishing,phishing,0.85,"phishing,legitimate","22523,6258"
15760,linguistic_technical_rag,phishing,phishing,0.7,"phishing,legitimate","3781,11596"
3400,linguistic_technical_rag,legitimate,phishing,0.75,"phishing,legitimate","27090,3450"
17697,linguistic_technical_rag,phishing,phishing,0.85,"phishing,legitimate","17564,11448"
17784,linguistic_technical_rag,phishing,phishing,0.85,"phishing,legitimate","19961,5070"
3753,linguistic_technical_rag,phishing,phishing,0.85,"phishing,legitimate","22631,1776"
21050,linguistic_technical_rag,phishing,phishing,0.85,"phishing,legitimate","27313,6162"
25280,linguistic_technical_rag,legitimate,phishing,0.8,"phishing,legitimate","29096,25519"
29376,linguistic_technical_rag,phishing,phishing,0.8,"phishing,legitimate","29080,8527"
22063,linguistic_technical_rag,legitimate,legitimate,0.85,"phishing,legitimate","10308,3271"
17405,linguistic_technical_rag,phishing,phishing,0.85,"phishing,legitimate","9957,13731"
7072,linguistic_technical_rag,legitimate,legitimate,0.95,"phishing,legitimate","20646,1254"
21703,linguistic_technical_rag,legitimate,legitimate,0.95,"phishing,legitimate","9587,21745"
24719,linguistic_technical_rag,legitimate,legitimate,0.95,"phishing,legitimate","27022,24725"
4052,linguistic_technical_rag,phishing,phishing,0.85,"phishing,legitimate","9269,6142"
6502,linguistic_technical_rag,legitimate,phishing,0.75,"phishing,legitimate","15248,6347"
21040,linguistic_technical_rag,phishing,phishing,0.85,"phishing,legitimate","28626,8642"
838,linguistic_technical_rag,legitimate,phishing,0.85,"phishing,legitimate","20183,732"
25540,linguistic_technical_rag,legitimate,phishing,0.85,"phishing,legitimate","4423,21745"
29310,linguistic_technical_rag,phishing,phishing,0.85,"phishing,legitimate","23923,7939"
3660,linguistic_technical_rag,phishing,phishing,0.8,"phishing,legitimate","3972,2351"
4461,linguistic_technical_rag,phishing,phishing,0.7,"phishing,legitimate","26232,16201"
29079,linguistic_technical_rag,phishing,phishing,0.8,"phishing,legitimate","29065,1017"
9633,linguistic_technical_rag,phishing,phishing,0.75,"phishing,legitimate","22769,11611"
9683,linguistic_technical_rag,phishing,phishing,0.75,"phishing,legitimate","22608,12376"
6035,linguistic_technical_rag,legitimate,legitimate,0.95,"phishing,legitimate","9420,14042"
5446,linguistic_technical_rag,legitimate,legitimate,0.95,"phishing,legitimate","4511,6662"
6276,linguistic_technical_rag,legitimate,legitimate,0.95,"phishing,legitimate","26874,5047"
28054,linguistic_technical_rag,phishing,phishing,0.8,"phishing,legitimate","4206,13979"
20465,linguistic_technical_rag,phishing,phishing,0.85,"phishing,legitimate","26303,24888"
14456,linguistic_technical_rag,phishing,phishing,0.8,"phishing,legitimate","28974,934"
11451,linguistic_technical_rag,legitimate,legitimate,0.95,"phishing,legitimate","27776,11440"
22926,linguistic_technical_rag,phishing,phishing,0.75,"phishing,legitimate","10004,13849"
7546,linguistic_technical_rag,legitimate,legitimate,0.95,"phishing,legitimate","9901,21563"
17151,linguistic_technical_rag,legitimate,phishing,0.75,phishing,28396
6815,linguistic_technical_rag,legitimate,legitimate,0.95,"phishing,legitimate","27487,4923"
10475,linguistic_technical_rag,phishing,phishing,0.85,"phishing,legitimate","19561,25489"
21587,linguistic_technical_rag,legitimate,legitimate,0.95,"phishing,legitimate","4511,7811"
19070,linguistic_technical_rag,phishing,phishing,0.85,"phishing,legitimate","4146,609"
5193,linguistic_technical_rag,legitimate,phishing,0.85,"phishing,legitimate","3813,7329"
1402,linguistic_technical_rag,legitimate,phishing,0.85,"phishing,legitimate","14565,1525"
18977,linguistic_technical_rag,phishing,phishing,0.85,"phishing,legitimate","18288,25530"
22804,linguistic_technical_rag,phishing,phishing,0.8,"phishing,legitimate","4802,659"
7557,linguistic_technical_rag,legitimate,legitimate,0.95,"phishing,legitimate","20120,6258"
7516,linguistic_technical_rag,legitimate,legitimate,0.95,"phishing,legitimate","14766,11996"
26830,linguistic_technical_rag,phishing,phishing,0.85,"phishing,legitimate","19340,5895"
9289,linguistic_technical_rag,phishing,phishing,0.85,"phishing,legitimate","24363,3209"
26126,linguistic_technical_rag,phishing,phishing,0.85,"phishing,legitimate","15283,21178"
3467,linguistic_technical_rag,legitimate,phishing,0.85,"phishing,legitimate","26064,1159"
12542,linguistic_technical_rag,legitimate,legitimate,0.9,"phishing,legitimate","26854,1250"
27821,linguistic_technical_rag,phishing,phishing,0.85,"phishing,legitimate","14773,5614"
13197,linguistic_technical_rag,legitimate,phishing,0.75,"phishing,legitimate","27483,4945"
2076,linguistic_technical_rag,legitimate,legitimate,0.95,"phishing,legitimate","9617,698"
14788,linguistic_technical_rag,phishing,phishing,0.85,"phishing,legitimate","27574,1011"
27596,linguistic_technical_rag,phishing,phishing,0.95,"phishing,legitimate","4392,6258"
4087,linguistic_technical_rag,phishing,phishing,0.8,"phishing,legitimate","23584,8338"
12756,linguistic_technical_rag,legitimate,phishing,0.85,"phishing,legitimate","17765,3149"
12397,linguistic_technical_rag,legitimate,legitimate,0.95,"phishing,legitimate","17564,12388"
15938,linguistic_technical_rag,legitimate,phishing,0.75,phishing,28396
1025,linguistic_technical_rag,legitimate,legitimate,0.75,"phishing,legitimate","10085,2418"
19020,linguistic_technical_rag,phishing,phishing,0.85,"phishing,legitimate","15555,11141"
2366,linguistic_technical_rag,legitimate,legitimate,0.95,"phishing,legitimate","28960,1966"
3862,linguistic_technical_rag,phishing,phishing,0.85,"phishing,legitimate","18318,22220"
12000,linguistic_technical_rag,legitimate,legitimate,0.95,"phishing,legitimate","27809,10764"
24712,linguistic_technical_rag,legitimate,legitimate,0.95,"phishing,legitimate","3761,2569"
9886,linguistic_technical_rag,phishing,phishing,0.85,"phishing,legitimate","4824,21496"
18784,linguistic_technical_rag,phishing,phishing,0.85,"phishing,legitimate","27557,12348"
13029,linguistic_technical_rag,legitimate,legitimate,0.9,"phishing,legitimate","15637,11495"
7114,linguistic_technical_rag,legitimate,phishing,0.75,"phishing,legitimate","17562,24855"
15615,linguistic_technical_rag,phishing,phishing,0.8,"phishing,legitimate","29193,1441"
12549,linguistic_technical_rag,legitimate,legitimate,0.95,"phishing,legitimate","19898,12547"
5886,linguistic_technical_rag,legitimate,phishing,0.75,"phishing,legitimate","3813,6341"
8317,linguistic_technical_rag,legitimate,legitimate,0.95,"phishing,legitimate","14920,12570"
14354,linguistic_technical_rag,phishing,phishing,0.8,"phishing,legitimate","17773,6231"
13283,linguistic_technical_rag,legitimate,legitimate,0.95,"phishing,legitimate","24345,11607"
4903,linguistic_technical_rag,legitimate,legitimate,0.85,"phishing,legitimate","23797,1546"
16290,linguistic_technical_rag,legitimate,legitimate,0.85,"phishing,legitimate","26858,8060"
1724,linguistic_technical_rag,legitimate,legitimate,0.95,"phishing,legitimate","18602,1712"
23201,linguistic_technical_rag,phishing,phishing,0.85,"phishing,legitimate","23497,21554"
16600,linguistic_technical_rag,legitimate,phishing,0.75,"phishing,legitimate","17929,21951"
7173,linguistic_technical_rag,legitimate,legitimate,0.9,"phishing,legitimate","9881,1297"
2781,linguistic_technical_rag,legitimate,legitimate,0.95,"phishing,legitimate","18808,21977"
26160,linguistic_technical_rag,phishing,phishing,0.85,"phishing,legitimate","17374,8507"
13629,linguistic_technical_rag,legitimate,phishing,0.7,"phishing,legitimate","27533,16252"
24832,linguistic_technical_rag,legitimate,legitimate,0.95,"phishing,legitimate","20183,24686"
10887,linguistic_technical_rag,legitimate,phishing,0.75,"phishing,legitimate","15718,11562"
261,linguistic_technical_rag,legitimate,phishing,0.85,phishing,27090
12898,linguistic_technical_rag,legitimate,legitimate,0.95,"phishing,legitimate","26081,25302"
11079,linguistic_technical_rag,legitimate,legitimate,0.95,"phishing,legitimate","24345,11080"
8621,linguistic_technical_rag,legitimate,legitimate,0.95,"phishing,legitimate","23401,25123"
7485,linguistic_technical_rag,legitimate,legitimate,0.95,"phishing,legitimate","4511,7492"
12786,linguistic_technical_rag,legitimate,legitimate,0.95,"phishing,legitimate","18071,25809"
4403,linguistic_technical_rag,phishing,legitimate,0.85,"phishing,legitimate","22958,8581"
6702,linguistic_technical_rag,legitimate,phishing,0.75,"phishing,legitimate","29144,4861"
2153,linguistic_technical_rag,legitimate,legitimate,0.85,"phishing,legitimate","20387,2358"
29011,linguistic_technical_rag,phishing,phishing,0.85,"phishing,legitimate","4366,6258"
8276,linguistic_technical_rag,legitimate,legitimate,0.95,"phishing,legitimate","19966,7577"
24584,linguistic_technical_rag,phishing,legitimate,0.95,legitimate,22344
4609,linguistic_technical_rag,phishing,phishing,0.85,"phishing,legitimate","20188,2358"
27458,linguistic_technical_rag,phishing,phishing,0.85,"phishing,legitimate","28308,24647"
10593,linguistic_technical_rag,phishing,phishing,0.85,"phishing,legitimate","23827,5614"
16456,linguistic_technical_rag,legitimate,phishing,0.85,"phishing,legitimate","4511,25275"
21625,linguistic_technical_rag,legitimate,legitimate,0.95,"phishing,legitimate","22700,21165"
7482,linguistic_technical_rag,legitimate,legitimate,0.95,"phishing,legitimate","9901,5927"
18067,linguistic_technical_rag,phishing,phishing,0.8,"phishing,legitimate","17726,25262"
25186,linguistic_technical_rag,legitimate,phishing,0.85,"phishing,legitimate","4511,6320"
19139,linguistic_technical_rag,phishing,phishing,0.85,"phishing,legitimate","15227,6258"
15646,linguistic_technical_rag,phishing,phishing,0.85,"phishing,legitimate","23101,4950"
24941,linguistic_technical_rag,legitimate,phishing,0.75,"phishing,legitimate","27502,11011"
27513,linguistic_technical_rag,phishing,phishing,0.85,"phishing,legitimate","17342,6851"
2330,linguistic_technical_rag,legitimate,legitimate,0.85,"phishing,legitimate","10088,710"
16232,linguistic_technical_rag,legitimate,phishing,0.85,"phishing,legitimate","28356,16530"
28592,linguistic_technical_rag,phishing,phishing,0.85,"phishing,legitimate","9357,6258"
3398,linguistic_technical_rag,legitimate,legitimate,0.95,"phishing,legitimate","27090,568"
24529,linguistic_technical_rag,phishing,phishing,0.85,"phishing,legitimate","24546,8938"
22773,linguistic_technical_rag,phishing,phishing,0.85,"phishing,legitimate","9553,7700"
24732,linguistic_technical_rag,legitimate,legitimate,0.95,"phishing,legitimate","28388,5101"
5391,linguistic_technical_rag,legitimate,legitimate,0.95,"phishing,legitimate","4511,5328"
20875,linguistic_technical_rag,phishing,phishing,0.85,"phishing,legitimate","20692,5307"
506,linguistic_technical_rag,legitimate,phishing,0.8,phishing,27090
13778,linguistic_technical_rag,legitimate,phishing,0.8,"phishing,legitimate","4749,7549"
14119,linguistic_technical_rag,legitimate,legitimate,0.85,"phishing,legitimate","20071,10924"
21956,linguistic_technical_rag,legitimate,legitimate,0.95,"phishing,legitimate","9901,21951"
23918,linguistic_technical_rag,phishing,legitimate,0.7,legitimate,22344
28385,linguistic_technical_rag,phishing,phishing,0.85,"phishing,legitimate","28486,3271"
9734,linguistic_technical_rag,phishing,phishing,0.85,"phishing,legitimate","15660,8459"
18942,linguistic_technical_rag,phishing,phishing,0.85,"phishing,legitimate","26370,6258"
16581,linguistic_technical_rag,legitimate,phishing,0.85,"phishing,legitimate","23101,16545"
7679,linguistic_technical_rag,legitimate,phishing,0.75,"phishing,legitimate","26343,22232"
9077,linguistic_technical_rag,legitimate,phishing,0.85,"phishing,legitimate","4511,21554"
23221,linguistic_technical_rag,phishing,phishing,0.85,"phishing,legitimate","15306,21830"
64,linguistic_technical_rag,legitimate,phishing,0.8,"phishing,legitimate","18342,140"
6806,linguistic_technical_rag,legitimate,phishing,0.75,"phishing,legitimate","27007,6542"
1772,linguistic_technical_rag,legitimate,legitimate,0.95,"phishing,legitimate","19779,5925"
1910,linguistic_technical_rag,legitimate,phishing,0.85,"phishing,legitimate","14549,6692"
9363,linguistic_technical_rag,phishing,phishing,0.75,"phishing,legitimate","22898,8475"
26029,linguistic_technical_rag,legitimate,legitimate,0.95,"phishing,legitimate","19734,25903"
13359,linguistic_technical_rag,legitimate,legitimate,0.95,"phishing,legitimate","20992,10924"
26746,linguistic_technical_rag,phishing,phishing,0.85,"phishing,legitimate","26768,15828"
16875,linguistic_technical_rag,legitimate,phishing,0.85,phishing,28396
12878,linguistic_technical_rag,legitimate,legitimate,0.95,"phishing,legitimate","3761,11603"
8768,linguistic_technical_rag,legitimate,phishing,0.75,"phishing,legitimate","26125,3039"
23338,linguistic_technical_rag,phishing,legitimate,0.95,"phishing,legitimate","9974,6308"
17231,linguistic_technical_rag,legitimate,phishing,0.85,phishing,28396
23159,linguistic_technical_rag,phishing,phishing,0.75,"phishing,legitimate","28536,22203"
18280,linguistic_technical_rag,phishing,phishing,0.85,"phishing,legitimate","22958,16291"
13660,linguistic_technical_rag,legitimate,legitimate,0.95,"phishing,legitimate","20992,3149"
10578,linguistic_technical_rag,phishing,phishing,0.75,legitimate,22344
21141,linguistic_technical_rag,legitimate,phishing,0.7,"phishing,legitimate","19249,1769"
6147,linguistic_technical_rag,legitimate,legitimate,0.95,"phishing,legitimate","3868,1645"
8600,linguistic_technical_rag,legitimate,legitimate,0.95,"phishing,legitimate","19734,8507"
344,linguistic_technical_rag,legitimate,legitimate,0.95,phishing,27090
27331,linguistic_technical_rag,phishing,phishing,0.8,"phishing,legitimate","27574,16742"
22525,linguistic_technical_rag,phishing,phishing,0.85,"phishing,legitimate","20255,7700"
18735,linguistic_technical_rag,phishing,phishing,0.85,"phishing,legitimate","28763,1657"
6803,linguistic_technical_rag,legitimate,legitimate,0.95,"phishing,legitimate","29554,6628"
19350,linguistic_technical_rag,phishing,phishing,0.85,"phishing,legitimate","19319,21410"
18474,linguistic_technical_rag,phishing,phishing,0.85,"phishing,legitimate","19403,1650"
16382,linguistic_technical_rag,legitimate,legitimate,0.95,"phishing,legitimate","23782,16193"
22095,linguistic_technical_rag,legitimate,legitimate,0.95,"phishing,legitimate","26064,21223"
19651,linguistic_technical_rag,phishing,phishing,0.85,"phishing,legitimate","3616,6951"
21698,linguistic_technical_rag,legitimate,phishing,0.75,"phishing,legitimate","15637,25497"
27463,linguistic_technical_rag,phishing,phishing,0.85,"phishing,legitimate","17825,13097"
17349,linguistic_technical_rag,phishing,phishing,0.85,"phishing,legitimate","24606,11455"
749,linguistic_technical_rag,legitimate,legitimate,0.95,"phishing,legitimate","17929,764"
16161,linguistic_technical_rag,legitimate,phishing,0.85,"phishing,legitimate","22661,16145"
9518,linguistic_technical_rag,phishing,phishing,0.85,"phishing,legitimate","22833,14173"
29644,linguistic_technical_rag,phishing,phishing,0.85,"phishing,legitimate","28795,13849"
26275,linguistic_technical_rag,phishing,phishing,0.8,"phishing,legitimate","19734,7466"
25327,linguistic_technical_rag,legitimate,phishing,0.75,"phishing,legitimate","19030,25890"
2246,linguistic_technical_rag,legitimate,phishing,0.8,"phishing,legitimate","26064,7875"
24103,linguistic_technical_rag,phishing,phishing,0.85,"phishing,legitimate","28944,977"
16167,linguistic_technical_rag,legitimate,phishing,0.8,"phishing,legitimate","22631,6318"
10345,linguistic_technical_rag,phishing,phishing,0.8,legitimate,3490
14845,linguistic_technical_rag,phishing,phishing,0.85,"phishing,legitimate","20101,10648"
7602,linguistic_technical_rag,legitimate,legitimate,0.95,"phishing,legitimate","28388,5925"
22515,linguistic_technical_rag,phishing,phishing,0.85,"phishing,legitimate","9571,21322"
17170,linguistic_technical_rag,legitimate,phishing,0.8,phishing,19814
21175,linguistic_technical_rag,legitimate,legitimate,0.95,"phishing,legitimate","20372,22291"
16670,linguistic_technical_rag,legitimate,legitimate,0.95,"phishing,legitimate","10085,2918"
26076,linguistic_technical_rag,phishing,phishing,0.85,"phishing,legitimate","26611,11427"
13941,linguistic_technical_rag,legitimate,legitimate,0.9,"phishing,legitimate","3986,26022"
24783,linguistic_technical_rag,legitimate,legitimate,0.85,"phishing,legitimate","27818,25213"
9406,linguistic_technical_rag,phishing,phishing,0.85,"phishing,legitimate","9372,5319"
10037,linguistic_technical_rag,phishing,legitimate,0.95,"phishing,legitimate","9269,6308"
8662,linguistic_technical_rag,legitimate,legitimate,0.95,"phishing,legitimate","9901,21853"
20824,linguistic_technical_rag,phishing,phishing,0.85,"phishing,legitimate","26726,11141"
13495,linguistic_technical_rag,legitimate,legitimate,0.95,"phishing,legitimate","29554,12547"
2931,linguistic_technical_rag,legitimate,phishing,0.85,"phishing,legitimate","19758,2933"
16522,linguistic_technical_rag,legitimate,legitimate,0.95,"phishing,legitimate","17641,8334"
14580,linguistic_technical_rag,phishing,phishing,0.85,"phishing,legitimate","27176,7939"
1877,linguistic_technical_rag,legitimate,phishing,0.85,"phishing,legitimate","28396,1160"
12837,linguistic_technical_rag,legitimate,legitimate,0.95,"phishing,legitimate","27090,12008"
28833,linguistic_technical_rag,phishing,phishing,0.85,"phishing,legitimate","29319,1693"
25627,linguistic_technical_rag,legitimate,legitimate,0.95,"phishing,legitimate","24225,7338"
25389,linguistic_technical_rag,legitimate,legitimate,0.95,"phishing,legitimate","29321,300"
10482,linguistic_technical_rag,phishing,phishing,0.7,legitimate,22344
3469,linguistic_technical_rag,legitimate,phishing,0.8,"phishing,legitimate","19023,282"
10198,linguistic_technical_rag,phishing,phishing,0.85,"phishing,legitimate","22788,5944"
10329,linguistic_technical_rag,phishing,phishing,0.85,"phishing,legitimate","23199,6291"
14115,linguistic_technical_rag,legitimate,legitimate,0.95,"phishing,legitimate","20147,14239"
24791,linguistic_technical_rag,legitimate,phishing,0.85,"phishing,legitimate","19734,13924"
19653,linguistic_technical_rag,phishing,phishing,0.85,"phishing,legitimate","15292,14091"
26513,linguistic_technical_rag,phishing,phishing,0.85,"phishing,legitimate","10599,1657"
4086,linguistic_technical_rag,phishing,phishing,0.85,"phishing,legitimate","15650,13559"
11291,linguistic_technical_rag,legitimate,legitimate,0.95,"phishing,legitimate","29438,11295"
18064,linguistic_technical_rag,phishing,phishing,0.85,"phishing,legitimate","22631,12806"
20410,linguistic_technical_rag,phishing,phishing,0.85,"phishing,legitimate","19023,1562"
28965,linguistic_technical_rag,phishing,phishing,0.85,"phishing,legitimate","14989,6258"
6181,linguistic_technical_rag,legitimate,legitimate,0.95,"phishing,legitimate","19779,5220"
22653,linguistic_technical_rag,phishing,phishing,0.8,"phishing,legitimate","22590,1450"
18227,linguistic_technical_rag,phishing,phishing,0.85,"phishing,legitimate","20120,6798"
20547,linguistic_technical_rag,phishing,phishing,0.95,"phishing,legitimate","18534,24725"
24809,linguistic_technical_rag,legitimate,phishing,0.8,"phishing,legitimate","14377,1776"
2649,linguistic_technical_rag,legitimate,legitimate,0.95,"phishing,legitimate","22958,1537"
20086,linguistic_technical_rag,phishing,phishing,0.95,"phishing,legitimate","4625,14124"
8404,linguistic_technical_rag,legitimate,legitimate,0.95,"phishing,legitimate","9724,2019"
21167,linguistic_technical_rag,legitimate,legitimate,0.95,"phishing,legitimate","26769,5223"
2356,linguistic_technical_rag,legitimate,legitimate,0.95,"phishing,legitimate","27090,21883"
7499,linguistic_technical_rag,legitimate,legitimate,0.95,"phishing,legitimate","14418,2045"
1023,linguistic_technical_rag,legitimate,phishing,0.8,"phishing,legitimate","18077,2671"
7623,linguistic_technical_rag,legitimate,legitimate,0.95,"phishing,legitimate","29354,7604"
12772,linguistic_technical_rag,legitimate,phishing,0.8,"phishing,legitimate","3813,22007"
25506,linguistic_technical_rag,legitimate,legitimate,0.95,"phishing,legitimate","17929,1163"
2738,linguistic_technical_rag,legitimate,legitimate,0.95,"phishing,legitimate","26858,675"
2778,linguistic_technical_rag,legitimate,legitimate,0.95,"phishing,legitimate","20872,2102"
16403,linguistic_technical_rag,legitimate,legitimate,0.95,"phishing,legitimate","23782,16291"
12217,linguistic_technical_rag,legitimate,legitimate,0.95,"phishing,legitimate","9939,13642"
16586,linguistic_technical_rag,legitimate,legitimate,0.95,"phishing,legitimate","4511,16439"
3243,linguistic_technical_rag,legitimate,phishing,0.8,"phishing,legitimate","10057,25534"
24595,linguistic_technical_rag,phishing,phishing,0.8,"phishing,legitimate","26659,8154"
24026,linguistic_technical_rag,phishing,phishing,0.8,"phishing,legitimate","29117,10764"
14162,linguistic_technical_rag,legitimate,legitimate,0.95,"phishing,legitimate","28356,14105"
22310,linguistic_technical_rag,legitimate,phishing,0.85,"phishing,legitimate","28408,2006"
11171,linguistic_technical_rag,legitimate,legitimate,0.85,"phishing,legitimate","17929,11151"
4088,linguistic_technical_rag,phishing,phishing,0.85,"phishing,legitimate","29427,1017"
26079,linguistic_technical_rag,phishing,phishing,0.85,"phishing,legitimate","4829,1712"
27690,linguistic_technical_rag,phishing,phishing,0.85,"phishing,legitimate","26338,1295"
1961,linguistic_technical_rag,legitimate,legitimate,0.85,"phishing,legitimate","9483,2036"
11575,linguistic_technical_rag,legitimate,phishing,0.75,"phishing,legitimate","4423,11524"
32,linguistic_technical_rag,legitimate,legitimate,0.85,"phishing,legitimate","27532,934"
12888,linguistic_technical_rag,legitimate,legitimate,0.95,"phishing,legitimate","26081,12466"
22120,linguistic_technical_rag,legitimate,legitimate,0.95,"phishing,legitimate","20183,592"
28192,linguistic_technical_rag,phishing,phishing,0.85,"phishing,legitimate","26617,21563"
5111,linguistic_technical_rag,legitimate,legitimate,0.95,"phishing,legitimate","19734,5692"
8780,linguistic_technical_rag,legitimate,legitimate,0.95,"phishing,legitimate","20183,11713"
5749,linguistic_technical_rag,legitimate,legitimate,0.7,"phishing,legitimate","3986,7115"
4669,linguistic_technical_rag,phishing,phishing,0.8,"phishing,legitimate","20834,13262"
26010,linguistic_technical_rag,legitimate,phishing,0.8,"phishing,legitimate","20120,12649"
21128,linguistic_technical_rag,legitimate,legitimate,0.95,"phishing,legitimate","10004,22185"
20639,linguistic_technical_rag,phishing,phishing,0.85,"phishing,legitimate","4749,6200"
27580,linguistic_technical_rag,phishing,phishing,0.75,"phishing,legitimate","23160,11776"
16095,linguistic_technical_rag,legitimate,phishing,0.85,phishing,28396
17497,linguistic_technical_rag,phishing,phishing,0.85,"phishing,legitimate","14529,16133"
1899,linguistic_technical_rag,legitimate,legitimate,0.95,"phishing,legitimate","14920,7833"
18919,linguistic_technical_rag,phishing,phishing,0.85,"phishing,legitimate","4475,7939"
24448,linguistic_technical_rag,phishing,phishing,0.8,"phishing,legitimate","24221,2493"
23249,linguistic_technical_rag,phishing,phishing,0.85,"phishing,legitimate","28373,759"
3654,linguistic_technical_rag,phishing,phishing,0.85,"phishing,legitimate","9546,12376"
11975,linguistic_technical_rag,legitimate,legitimate,0.9,"phishing,legitimate","10640,11996"
10613,linguistic_technical_rag,phishing,phishing,0.75,"phishing,legitimate","15590,10769"
16310,linguistic_technical_rag,legitimate,legitimate,0.85,"phishing,legitimate","17564,2209"
12594,linguistic_technical_rag,legitimate,legitimate,0.95,"phishing,legitimate","18437,25240"
21166,linguistic_technical_rag,legitimate,legitimate,0.95,"phishing,legitimate","14418,13399"
20225,linguistic_technical_rag,phishing,phishing,0.85,"phishing,legitimate","19319,24647"
20311,linguistic_technical_rag,phishing,phishing,0.85,"phishing,legitimate","20778,5995"
24260,linguistic_technical_rag,phishing,phishing,0.85,"phishing,legitimate","24546,8938"
22694,linguistic_technical_rag,phishing,phishing,0.7,"phishing,legitimate","15637,13077"
8251,linguistic_technical_rag,legitimate,legitimate,0.95,"phishing,legitimate","3986,7002"
24564,linguistic_technical_rag,phishing,legitimate,0.85,legitimate,22344
17552,linguistic_technical_rag,phishing,phishing,0.75,"phishing,legitimate","19249,8020"
1225,linguistic_technical_rag,legitimate,legitimate,0.95,"phishing,legitimate","28960,1966"
25263,linguistic_technical_rag,legitimate,phishing,0.75,"phishing,legitimate","27502,11125"
14432,linguistic_technical_rag,phishing,phishing,0.8,"phishing,legitimate","17523,7688"
16740,linguistic_technical_rag,legitimate,legitimate,0.95,"phishing,legitimate","10085,16252"
10341,linguistic_technical_rag,phishing,phishing,0.85,"phishing,legitimate","24510,7939"
8730,linguistic_technical_rag,legitimate,phishing,0.85,"phishing,legitimate","28702,16172"
2101,linguistic_technical_rag,legitimate,legitimate,0.95,"phishing,legitimate","17848,1434"
857,linguistic_technical_rag,legitimate,legitimate,0.95,"phishing,legitimate","19758,809"
23142,linguistic_technical_rag,phishing,phishing,0.7,"phishing,legitimate","22577,1375"
3112,linguistic_technical_rag,legitimate,legitimate,0.95,"phishing,legitimate","27851,2637"
14360,linguistic_technical_rag,phishing,phishing,0.85,"phishing,legitimate","15555,13810"
26889,linguistic_technical_rag,phishing,phishing,0.85,"phishing,legitimate","28167,11538"
18314,linguistic_technical_rag,phishing,phishing,0.8,"phishing,legitimate","18264,11713"
501,linguistic_technical_rag,legitimate,legitimate,0.95,"phishing,legitimate","28974,442"
13422,linguistic_technical_rag,legitimate,legitimate,0.95,"phishing,legitimate","10640,10781"
263,linguistic_technical_rag,legitimate,phishing,0.8,phishing,27090
21896,linguistic_technical_rag,legitimate,legitimate,0.95,"phishing,legitimate","17556,14199"
4450,linguistic_technical_rag,phishing,phishing,0.85,"phishing,legitimate","28462,1085"
27391,linguistic_technical_rag,phishing,phishing,0.75,"phishing,legitimate","29457,11427"
12477,linguistic_technical_rag,legitimate,legitimate,0.95,"phishing,legitimate","27532,25240"
12492,linguistic_technical_rag,legitimate,phishing,0.75,"phishing,legitimate","26125,12467"
26388,linguistic_technical_rag,phishing,phishing,0.85,"phishing,legitimate","27574,1295"
19693,linguistic_technical_rag,phishing,phishing,0.85,"phishing,legitimate","26592,12602"
11646,linguistic_technical_rag,legitimate,phishing,0.8,"phishing,legitimate","26858,8154"
5401,linguistic_technical_rag,legitimate,legitimate,0.95,"phishing,legitimate","14617,5223"
27040,linguistic_technical_rag,phishing,phishing,0.85,"phishing,legitimate","20251,25262"
13004,linguistic_technical_rag,legitimate,legitimate,0.95,"phishing,legitimate","28828,13124"
15809,linguistic_technical_rag,phishing,phishing,0.85,"phishing,legitimate","29148,1441"
19901,linguistic_technical_rag,phishing,phishing,0.85,"phishing,legitimate","18039,2879"
26307,linguistic_technical_rag,phishing,legitimate,0.95,"phishing,legitimate","15283,21178"
21334,linguistic_technical_rag,legitimate,legitimate,0.95,"phishing,legitimate","26873,11167"
22011,linguistic_technical_rag,legitimate,phishing,0.75,"phishing,legitimate","24225,22291"
24806,linguistic_technical_rag,legitimate,legitimate,0.85,"phishing,legitimate","19734,2290"
589,linguistic_technical_rag,legitimate,legitimate,0.95,"phishing,legitimate","24575,640"
3234,linguistic_technical_rag,legitimate,phishing,0.85,"phishing,legitimate","17737,12977"
16243,linguistic_technical_rag,legitimate,legitimate,0.95,"phishing,legitimate","18399,16172"
13930,linguistic_technical_rag,legitimate,phishing,0.8,"phishing,legitimate","14418,13940"
7456,linguistic_technical_rag,legitimate,legitimate,0.95,"phishing,legitimate","26146,7471"
5741,linguistic_technical_rag,legitimate,legitimate,0.95,"phishing,legitimate","3781,6277"
25500,linguistic_technical_rag,legitimate,legitimate,0.85,"phishing,legitimate","20120,25195"
6981,linguistic_technical_rag,legitimate,legitimate,0.95,"phishing,legitimate","4511,22010"
20007,linguistic_technical_rag,phishing,phishing,0.85,"phishing,legitimate","28967,25160"
18174,linguistic_technical_rag,phishing,phishing,0.85,"phishing,legitimate","4099,22344"
3001,linguistic_technical_rag,legitimate,legitimate,0.95,"phishing,legitimate","9901,3043"
25220,linguistic_technical_rag,legitimate,phishing,0.8,"phishing,legitimate","9957,25262"
900,linguistic_technical_rag,legitimate,phishing,0.8,"phishing,legitimate","20183,934"
23332,linguistic_technical_rag,phishing,phishing,0.85,"phishing,legitimate","23496,12014"
4987,linguistic_technical_rag,legitimate,legitimate,0.95,"phishing,legitimate","9790,5692"
11715,linguistic_technical_rag,legitimate,legitimate,0.9,"phishing,legitimate","14955,11777"
26690,linguistic_technical_rag,phishing,phishing,0.85,"phishing,legitimate","15292,1353"
10015,linguistic_technical_rag,phishing,phishing,0.85,"phishing,legitimate","21054,13979"
3458,linguistic_technical_rag,legitimate,legitimate,0.95,"phishing,legitimate","28974,2290"
23437,linguistic_technical_rag,phishing,phishing,0.8,"phishing,legitimate","9269,6308"
16948,linguistic_technical_rag,legitimate,phishing,0.75,phishing,28396
23200,linguistic_technical_rag,phishing,phishing,0.85,"phishing,legitimate","10184,6323"
18197,linguistic_technical_rag,phishing,phishing,0.85,"phishing,legitimate","22583,2522"
14998,linguistic_technical_rag,phishing,phishing,0.8,"phishing,legitimate","18359,1788"
22064,linguistic_technical_rag,legitimate,legitimate,0.95,"phishing,legitimate","26064,5554"
6556,linguistic_technical_rag,legitimate,phishing,0.85,"phishing,legitimate","4511,6696"
23585,linguistic_technical_rag,phishing,phishing,0.85,"phishing,legitimate","23992,1441"
6304,linguistic_technical_rag,legitimate,phishing,0.8,"phishing,legitimate","4006,6347"
9639,linguistic_technical_rag,phishing,phishing,0.85,"phishing,legitimate","24313,6696"
4347,linguistic_technical_rag,phishing,phishing,0.8,"phishing,legitimate","28186,10673"
8004,linguistic_technical_rag,legitimate,legitimate,0.95,"phishing,legitimate","15718,6277"
1350,linguistic_technical_rag,legitimate,legitimate,0.95,"phishing,legitimate","27533,2248"
22648,linguistic_technical_rag,phishing,phishing,0.85,"phishing,legitimate","9450,6506"
11832,linguistic_technical_rag,legitimate,legitimate,0.95,"phishing,legitimate","19079,13724"
25437,linguistic_technical_rag,legitimate,legitimate,0.95,"phishing,legitimate","28388,8220"
4287,linguistic_technical_rag,phishing,phishing,0.85,"phishing,legitimate","19150,26031"
27498,linguistic_technical_rag,phishing,phishing,0.85,"phishing,legitimate","27533,2569"
11123,linguistic_technical_rag,legitimate,legitimate,0.85,"phishing,legitimate","14418,11559"
21847,linguistic_technical_rag,legitimate,legitimate,0.95,"phishing,legitimate","28408,21451"
16900,linguistic_technical_rag,legitimate,phishing,0.85,"phishing,legitimate","19814,17256"
2278,linguistic_technical_rag,legitimate,phishing,0.75,"phishing,legitimate","19553,1215"
490,linguistic_technical_rag,legitimate,phishing,0.8,phishing,27090
20083,linguistic_technical_rag,phishing,phishing,0.8,"phishing,legitimate","20355,13149"
1968,linguistic_technical_rag,legitimate,legitimate,0.85,"phishing,legitimate","20183,2124"
29197,linguistic_technical_rag,phishing,phishing,0.85,"phishing,legitimate","29262,11611"
26041,linguistic_technical_rag,legitimate,legitimate,0.95,"phishing,legitimate","26858,5043"
27999,linguistic_technical_rag,phishing,phishing,0.7,"phishing,legitimate","14430,583"
14397,linguistic_technical_rag,phishing,phishing,0.85,"phishing,legitimate","15566,8509"
24478,linguistic_technical_rag,phishing,phishing,0.75,legitimate,22344
18503,linguistic_technical_rag,phishing,phishing,0.8,"phishing,legitimate","14755,14091"
28454,linguistic_technical_rag,phishing,phishing,0.85,"phishing,legitimate","27317,13251"
3824,linguistic_technical_rag,phishing,phishing,0.85,"phishing,legitimate","19403,12109"
10113,linguistic_technical_rag,phishing,phishing,0.85,"phishing,legitimate","23719,12376"
12675,linguistic_technical_rag,legitimate,legitimate,0.95,"phishing,legitimate","26875,21961"
16559,linguistic_technical_rag,legitimate,phishing,0.8,"phishing,legitimate","3528,16457"
29330,linguistic_technical_rag,phishing,phishing,0.85,"phishing,legitimate","27802,1537"
25270,linguistic_technical_rag,legitimate,legitimate,0.95,"phishing,legitimate","3964,25021"
635,linguistic_technical_rag,legitimate,legitimate,0.95,"phishing,legitimate","20183,25572"
26785,linguistic_technical_rag,phishing,phishing,0.8,"phishing,legitimate","18668,25252"
11651,linguistic_technical_rag,legitimate,phishing,0.7,"phishing,legitimate","9586,11996"
15383,linguistic_technical_rag,phishing,phishing,0.85,"phishing,legitimate","28859,24759"
160,linguistic_technical_rag,legitimate,phishing,0.8,phishing,27090
22814,linguistic_technical_rag,phishing,legitimate,0.95,"phishing,legitimate","26282,24647"
2352,linguistic_technical_rag,legitimate,legitimate,0.95,"phishing,legitimate","27851,2418"
12743,linguistic_technical_rag,legitimate,phishing,0.8,"phishing,legitimate","4388,434"
23815,linguistic_technical_rag,phishing,phishing,0.85,"phishing,legitimate","26884,6347"
12154,linguistic_technical_rag,legitimate,phishing,0.85,"phishing,legitimate","18495,15864"
8573,linguistic_technical_rag,legitimate,phishing,0.8,"phishing,legitimate","22958,25530"
5976,linguistic_technical_rag,legitimate,legitimate,0.95,"phishing,legitimate","27487,5960"
23211,linguistic_technical_rag,phishing,phishing,0.85,"phishing,legitimate","23254,7688"
973,linguistic_technical_rag,legitimate,legitimate,0.95,"phishing,legitimate","15299,15828"
22570,linguistic_technical_rag,phishing,phishing,0.85,"phishing,legitimate","18359,12376"
16467,linguistic_technical_rag,legitimate,legitimate,0.95,"phishing,legitimate","28186,25903"
9941,linguistic_technical_rag,phishing,phishing,0.7,"phishing,legitimate","26597,6071"
5431,linguistic_technical_rag,legitimate,legitimate,0.95,"phishing,legitimate","9901,6662"
29402,linguistic_technical_rag,phishing,phishing,0.85,"phishing,legitimate","27870,12309"
2496,linguistic_technical_rag,legitimate,legitimate,0.95,"phishing,legitimate","23782,2404"
7620,linguistic_technical_rag,legitimate,legitimate,0.95,"phishing,legitimate","29212,13940"
8194,linguistic_technical_rag,legitimate,legitimate,0.95,"phishing,legitimate","3759,3289"
9162,linguistic_technical_rag,phishing,phishing,0.85,"phishing,legitimate","24437,5614"
10770,linguistic_technical_rag,legitimate,legitimate,0.95,"phishing,legitimate","23364,13400"
16314,linguistic_technical_rag,legitimate,phishing,0.75,"phishing,legitimate","22961,5295"
27172,linguistic_technical_rag,phishing,phishing,0.95,"phishing,legitimate","28472,16145"
24081,linguistic_technical_rag,phishing,phishing,0.85,"phishing,legitimate","24445,11770"
5941,linguistic_technical_rag,legitimate,phishing,0.85,"phishing,legitimate","17562,6931"
15616,linguistic_technical_rag,phishing,phishing,0.85,"phishing,legitimate","23496,7966"
24775,linguistic_technical_rag,legitimate,phishing,0.8,"phishing,legitimate","19954,13945"
13272,linguistic_technical_rag,legitimate,phishing,0.75,"phishing,legitimate","28828,12241"
24991,linguistic_technical_rag,legitimate,phishing,0.85,"phishing,legitimate","9372,25140"
16354,linguistic_technical_rag,legitimate,phishing,0.85,"phishing,legitimate","19079,6854"
2212,linguistic_technical_rag,legitimate,legitimate,0.95,"phishing,legitimate","19898,2209"
9883,linguistic_technical_rag,phishing,phishing,0.8,"phishing,legitimate","24606,11309"
28674,linguistic_technical_rag,phishing,phishing,0.85,"phishing,legitimate","10439,22283"
2673,linguistic_technical_rag,legitimate,legitimate,0.95,"phishing,legitimate","27532,2418"
4396,linguistic_technical_rag,phishing,phishing,0.85,"phishing,legitimate","4418,6904"
25151,linguistic_technical_rag,legitimate,legitimate,0.95,"phishing,legitimate","28974,990"
5686,linguistic_technical_rag,legitimate,legitimate,0.95,"phishing,legitimate","4511,5683"
27420,linguistic_technical_rag,phishing,phishing,0.85,legitimate,8527
14672,linguistic_technical_rag,phishing,phishing,0.8,"phishing,legitimate","17578,25262"
11736,linguistic_technical_rag,legitimate,legitimate,0.95,"phishing,legitimate","26105,8974"
3101,linguistic_technical_rag,legitimate,phishing,0.85,"phishing,legitimate","27655,3177"
3739,linguistic_technical_rag,phishing,phishing,0.85,"phishing,legitimate","4829,1820"
29007,linguistic_technical_rag,phishing,phishing,0.85,"phishing,legitimate","14758,6138"
18947,linguistic_technical_rag,phishing,phishing,0.8,"phishing,legitimate","15248,6071"
21430,linguistic_technical_rag,legitimate,legitimate,0.95,"phishing,legitimate","26125,21623"
12978,linguistic_technical_rag,legitimate,legitimate,0.95,"phishing,legitimate","9879,11776"
5348,linguistic_technical_rag,legitimate,legitimate,0.9,"phishing,legitimate","10439,22291"
5233,linguistic_technical_rag,legitimate,legitimate,0.95,"phishing,legitimate","4511,5113"
18285,linguistic_technical_rag,phishing,phishing,0.85,"phishing,legitimate","18264,1011"
16641,linguistic_technical_rag,legitimate,legitimate,0.95,"phishing,legitimate","10057,21741"
13865,linguistic_technical_rag,legitimate,phishing,0.8,"phishing,legitimate","29543,13381"
13303,linguistic_technical_rag,legitimate,legitimate,0.95,"phishing,legitimate","23913,11607"
4315,linguistic_technical_rag,phishing,phishing,0.85,"phishing,legitimate","22958,16291"
16884,linguistic_technical_rag,legitimate,phishing,0.8,phishing,28396
4546,linguistic_technical_rag,phishing,phishing,0.85,"phishing,legitimate","4423,12309"
13228,linguistic_technical_rag,legitimate,legitimate,0.95,"phishing,legitimate","26146,13840"
19949,linguistic_technical_rag,phishing,phishing,0.85,"phishing,legitimate","9369,1441"
4604,linguistic_technical_rag,phishing,phishing,0.85,"phishing,legitimate","14895,12014"
3477,linguistic_technical_rag,legitimate,phishing,0.85,"phishing,legitimate","9483,1017"
18301,linguistic_technical_rag,phishing,legitimate,0.75,"phishing,legitimate","22944,12957"
27284,linguistic_technical_rag,phishing,phishing,0.85,"phishing,legitimate","28005,7688"
8032,linguistic_technical_rag,legitimate,legitimate,0.95,"phishing,legitimate","26370,6715"
5723,linguistic_technical_rag,legitimate,legitimate,0.95,"phishing,legitimate","10439,22291"
15188,linguistic_technical_rag,phishing,phishing,0.85,"phishing,legitimate","26682,1657"
950,linguistic_technical_rag,legitimate,legitimate,0.95,"phishing,legitimate","18039,732"
27544,linguistic_technical_rag,phishing,phishing,0.85,"phishing,legitimate","14565,8508"
23917,linguistic_technical_rag,phishing,phishing,0.75,"phishing,legitimate","24380,13399"
29525,linguistic_technical_rag,phishing,phishing,0.8,"phishing,legitimate","29673,25081"
987,linguistic_technical_rag,legitimate,legitimate,0.95,"phishing,legitimate","26349,1295"
3937,linguistic_technical_rag,phishing,phishing,0.85,"phishing,legitimate","20694,12602"
2751,linguistic_technical_rag,legitimate,phishing,0.75,"phishing,legitimate","23782,2020"
18543,linguistic_technical_rag,phishing,phishing,0.85,"phishing,legitimate","24005,10648"
28811,linguistic_technical_rag,phishing,phishing,0.85,"phishing,legitimate","24313,16145"
27270,linguistic_technical_rag,phishing,phishing,0.85,"phishing,legitimate","20865,14105"
4022,linguistic_technical_rag,phishing,phishing,0.75,"phishing,legitimate","14418,25763"
1633,linguistic_technical_rag,legitimate,legitimate,0.95,"phishing,legitimate","23384,6130"
22200,linguistic_technical_rag,legitimate,legitimate,0.95,"phishing,legitimate","10088,21440"
1403,linguistic_technical_rag,legitimate,legitimate,0.95,"phishing,legitimate","19030,1381"
6952,linguistic_technical_rag,legitimate,legitimate,0.95,"phishing,legitimate","24225,21777"
22082,linguistic_technical_rag,legitimate,legitimate,0.95,"phishing,legitimate","19966,21775"
12633,linguistic_technical_rag,legitimate,legitimate,0.95,"phishing,legitimate","15807,13810"
22738,linguistic_technical_rag,phishing,phishing,0.85,"phishing,legitimate","22833,12008"
22817,linguistic_technical_rag,phishing,phishing,0.85,"phishing,legitimate","9571,3271"
13516,linguistic_technical_rag,legitimate,phishing,0.8,"phishing,legitimate","4206,22010"
4399,linguistic_technical_rag,phishing,phishing,0.85,"phishing,legitimate","20743,6231"
8594,linguistic_technical_rag,legitimate,phishing,0.8,"phishing,legitimate","29460,8475"
18654,linguistic_technical_rag,phishing,phishing,0.8,"phishing,legitimate","28948,8945"
25155,linguistic_technical_rag,legitimate,phishing,0.85,"phishing,legitimate","28043,16201"
26193,linguistic_technical_rag,phishing,phishing,0.75,"phishing,legitimate","19150,12602"
23732,linguistic_technical_rag,phishing,phishing,0.85,"phishing,legitimate","9362,22174"
25164,linguistic_technical_rag,legitimate,phishing,0.8,"phishing,legitimate","24221,7773"
8627,linguistic_technical_rag,legitimate,phishing,0.85,"phishing,legitimate","20387,8642"
21216,linguistic_technical_rag,legitimate,legitimate,0.95,"phishing,legitimate","15637,7836"
15183,linguistic_technical_rag,phishing,phishing,0.75,"phishing,legitimate","20650,1823"
7931,linguistic_technical_rag,legitimate,phishing,0.85,"phishing,legitimate","28204,6053"
5969,linguistic_technical_rag,legitimate,phishing,0.75,"phishing,legitimate","10449,21623"
8418,linguistic_technical_rag,legitimate,legitimate,0.95,"phishing,legitimate","24221,14098"
9841,linguistic_technical_rag,phishing,phishing,0.8,"phishing,legitimate","27487,13979"
13859,linguistic_technical_rag,legitimate,phishing,0.85,"phishing,legitimate","23251,6963"
14687,linguistic_technical_rag,phishing,phishing,0.85,"phishing,legitimate","4392,845"
5727,linguistic_technical_rag,legitimate,phishing,0.75,"phishing,legitimate","3986,22421"
12333,linguistic_technical_rag,legitimate,legitimate,0.85,"phishing,legitimate","29713,12195"
1844,linguistic_technical_rag,legitimate,phishing,0.85,"phishing,legitimate","28043,14267"
4457,linguistic_technical_rag,phishing,phishing,0.8,"phishing,legitimate","20460,8692"
26398,linguistic_technical_rag,phishing,phishing,0.85,"phishing,legitimate","26395,12014"
21968,linguistic_technical_rag,legitimate,phishing,0.8,"phishing,legitimate","22885,14098"
15365,linguistic_technical_rag,phishing,phishing,0.8,"phishing,legitimate","29619,7561"
28533,linguistic_technical_rag,phishing,phishing,0.85,"phishing,legitimate","20646,21764"
2415,linguistic_technical_rag,legitimate,phishing,0.8,"phishing,legitimate","28974,25251"
16266,linguistic_technical_rag,legitimate,legitimate,0.95,"phishing,legitimate","26049,16447"
10901,linguistic_technical_rag,legitimate,legitimate,0.95,"phishing,legitimate","14357,1163"
14318,linguistic_technical_rag,legitimate,legitimate,0.95,"phishing,legitimate","26858,12329"
11758,linguistic_technical_rag,legitimate,legitimate,0.95,"phishing,legitimate","10439,11312"
27676,linguistic_technical_rag,phishing,phishing,0.7,"phishing,legitimate","14743,7206"
12708,linguistic_technical_rag,legitimate,legitimate,0.95,"phishing,legitimate","22988,12316"
5813,linguistic_technical_rag,legitimate,legitimate,0.95,"phishing,legitimate","29196,21623"
19408,linguistic_technical_rag,phishing,phishing,0.95,"phishing,legitimate","9647,11816"
13833,linguistic_technical_rag,legitimate,phishing,0.85,"phishing,legitimate","15682,13849"
24824,linguistic_technical_rag,legitimate,phishing,0.75,"phishing,legitimate","29096,25140"
4003,linguistic_technical_rag,phishing,phishing,0.85,"phishing,legitimate","18808,7561"
16333,linguistic_technical_rag,legitimate,phishing,0.8,"phishing,legitimate","10057,16315"
22157,linguistic_technical_rag,legitimate,legitimate,0.85,"phishing,legitimate","4511,4861"
21768,linguistic_technical_rag,legitimate,legitimate,0.95,"phishing,legitimate","14920,4914"
1064,linguistic_technical_rag,legitimate,phishing,0.85,"phishing,legitimate","18306,2228"
25376,linguistic_technical_rag,legitimate,legitimate,0.95,"phishing,legitimate","19898,7039"
11583,linguistic_technical_rag,legitimate,legitimate,0.85,"phishing,legitimate","4511,2592"
20224,linguistic_technical_rag,phishing,phishing,0.8,"phishing,legitimate","26349,1295"
29589,linguistic_technical_rag,phishing,phishing,0.85,"phishing,legitimate","18437,2626"
8636,linguistic_technical_rag,legitimate,phishing,0.85,"phishing,legitimate","26049,8618"
12516,linguistic_technical_rag,legitimate,legitimate,0.95,"phishing,legitimate","20183,2626"
18615,linguistic_technical_rag,phishing,phishing,0.85,"phishing,legitimate","23161,6279"
5375,linguistic_technical_rag,legitimate,legitimate,0.95,"phishing,legitimate","22661,5557"
19767,linguistic_technical_rag,phishing,phishing,0.85,"phishing,legitimate","27363,1295"
18006,linguistic_technical_rag,phishing,phishing,0.8,"phishing,legitimate","28819,21830"
20540,linguistic_technical_rag,phishing,phishing,0.85,"phishing,legitimate","14768,8938"
18155,linguistic_technical_rag,phishing,phishing,0.85,"phishing,legitimate","27258,13097"
7380,linguistic_technical_rag,legitimate,legitimate,0.95,"phishing,legitimate","4511,5176"
7014,linguistic_technical_rag,legitimate,legitimate,0.95,"phishing,legitimate","22975,2520"
1263,linguistic_technical_rag,legitimate,phishing,0.75,"phishing,legitimate","27533,2418"
18633,linguistic_technical_rag,phishing,phishing,0.75,"phishing,legitimate","14529,16759"
2677,linguistic_technical_rag,legitimate,phishing,0.85,"phishing,legitimate","4388,2"
22645,linguistic_technical_rag,phishing,phishing,0.85,"phishing,legitimate","22944,12916"
13007,linguistic_technical_rag,legitimate,phishing,0.8,"phishing,legitimate","9966,13877"
27145,linguistic_technical_rag,phishing,phishing,0.85,"phishing,legitimate","20251,12602"
25778,linguistic_technical_rag,legitimate,phishing,0.85,"phishing,legitimate","9617,2263"
9542,linguistic_technical_rag,phishing,phishing,0.8,"phishing,legitimate","22975,13849"
16286,linguistic_technical_rag,legitimate,phishing,0.75,"phishing,legitimate","4511,5154"
4543,linguistic_technical_rag,phishing,phishing,0.85,"phishing,legitimate","19742,6347"
24086,linguistic_technical_rag,phishing,phishing,0.85,legitimate,3490
19189,linguistic_technical_rag,phishing,phishing,0.8,"phishing,legitimate","24581,14063"
7994,linguistic_technical_rag,legitimate,legitimate,0.95,"phishing,legitimate","4511,21501"
17597,linguistic_technical_rag,phishing,phishing,0.95,"phishing,legitimate","9647,16763"
2073,linguistic_technical_rag,legitimate,legitimate,0.95,"phishing,legitimate","27090,13124"
22982,linguistic_technical_rag,phishing,phishing,0.85,"phishing,legitimate","23451,24888"
7581,linguistic_technical_rag,legitimate,legitimate,0.95,"phishing,legitimate","26858,8256"
13102,linguistic_technical_rag,legitimate,legitimate,0.85,"phishing,legitimate","4511,2592"
13316,linguistic_technical_rag,legitimate,legitimate,0.95,"phishing,legitimate","23913,11607"
11966,linguistic_technical_rag,legitimate,legitimate,0.95,"phishing,legitimate","17929,11495"
15574,linguistic_technical_rag,phishing,phishing,0.85,"phishing,legitimate","19632,11167"
21524,linguistic_technical_rag,legitimate,phishing,0.8,"phishing,legitimate","9901,21623"
20986,linguistic_technical_rag,phishing,phishing,0.85,"phishing,legitimate","19961,25530"
29481,linguistic_technical_rag,phishing,phishing,0.8,"phishing,legitimate","29568,12083"
27454,linguistic_technical_rag,phishing,phishing,0.85,"phishing,legitimate","27425,6696"
12838,linguistic_technical_rag,legitimate,legitimate,0.85,"phishing,legitimate","15682,11312"
5644,linguistic_technical_rag,legitimate,legitimate,0.95,"phishing,legitimate","29117,3385"
8067,linguistic_technical_rag,legitimate,legitimate,0.85,"phishing,legitimate","4511,5445"
6582,linguistic_technical_rag,legitimate,phishing,0.85,"phishing,legitimate","10439,6504"
3917,linguistic_technical_rag,phishing,phishing,0.85,"phishing,legitimate","28288,13731"
11659,linguistic_technical_rag,legitimate,phishing,0.8,"phishing,legitimate","15693,7466"
15197,linguistic_technical_rag,phishing,phishing,0.85,"phishing,legitimate","15466,8338"
23372,linguistic_technical_rag,phishing,legitimate,0.95,"phishing,legitimate","23374,6308"
21200,linguistic_technical_rag,legitimate,legitimate,0.95,"phishing,legitimate","10088,21223"
19933,linguistic_technical_rag,phishing,phishing,0.85,"phishing,legitimate","4648,1741"
13166,linguistic_technical_rag,legitimate,phishing,0.85,"phishing,legitimate","20071,8618"
20197,linguistic_technical_rag,phishing,phishing,0.7,"phishing,legitimate","23582,6696"
559,linguistic_technical_rag,legitimate,legitimate,0.95,"phishing,legitimate","9901,34"
26728,linguistic_technical_rag,phishing,legitimate,0.85,"phishing,legitimate","20650,1693"
8298,linguistic_technical_rag,legitimate,legitimate,0.95,"phishing,legitimate","18990,25489"
3292,linguistic_technical_rag,legitimate,legitimate,0.95,"phishing,legitimate","4511,11653"
9634,linguistic_technical_rag,phishing,phishing,0.85,"phishing,legitimate","4423,12749"
18738,linguistic_technical_rag,phishing,phishing,0.7,"phishing,legitimate","27557,10648"
9738,linguistic_technical_rag,phishing,phishing,0.85,"phishing,legitimate","22885,6130"
23850,linguistic_technical_rag,phishing,phishing,0.85,"phishing,legitimate","20006,1250"
1125,linguistic_technical_rag,legitimate,legitimate,0.95,"phishing,legitimate","14617,5127"
22381,linguistic_technical_rag,legitimate,phishing,0.75,"phishing,legitimate","10640,10715"
4442,linguistic_technical_rag,phishing,phishing,0.75,"phishing,legitimate","26064,7658"
16318,linguistic_technical_rag,legitimate,legitimate,0.95,"phishing,legitimate","29554,16291"
8488,linguistic_technical_rag,legitimate,legitimate,0.95,"phishing,legitimate","4511,7587"
12087,linguistic_technical_rag,legitimate,legitimate,0.95,"phishing,legitimate","29554,14111"
5099,linguistic_technical_rag,legitimate,legitimate,0.95,"phishing,legitimate","4511,8733"
15312,linguistic_technical_rag,phishing,phishing,0.75,"phishing,legitimate","9777,12014"
21801,linguistic_technical_rag,legitimate,phishing,0.85,"phishing,legitimate","4511,5554"
7214,linguistic_technical_rag,legitimate,legitimate,0.95,"phishing,legitimate","10439,5809"
1642,linguistic_technical_rag,legitimate,phishing,0.8,"phishing,legitimate","28509,15828"
967,linguistic_technical_rag,legitimate,legitimate,0.95,"phishing,legitimate","14920,966"
20561,linguistic_technical_rag,phishing,phishing,0.8,"phishing,legitimate","4366,6258"
2581,linguistic_technical_rag,legitimate,legitimate,0.95,"phishing,legitimate","24363,3104"
10733,linguistic_technical_rag,legitimate,phishing,0.85,"phishing,legitimate","27809,13836"
21862,linguistic_technical_rag,legitimate,phishing,0.7,"phishing,legitimate","29554,8240"
24778,linguistic_technical_rag,legitimate,legitimate,0.95,"phishing,legitimate","22938,12361"
19339,linguistic_technical_rag,phishing,phishing,0.8,"phishing,legitimate","23970,21322"
14018,linguistic_technical_rag,legitimate,legitimate,0.95,"phishing,legitimate","28206,12192"
144,linguistic_technical_rag,legitimate,phishing,0.8,phishing,27090
1588,linguistic_technical_rag,legitimate,legitimate,0.95,"phishing,legitimate","29460,1696"
4808,linguistic_technical_rag,phishing,phishing,0.85,"phishing,legitimate","26395,1295"
7389,linguistic_technical_rag,legitimate,legitimate,0.95,"phishing,legitimate","4511,5554"
9174,linguistic_technical_rag,phishing,phishing,0.8,legitimate,7688
21642,linguistic_technical_rag,legitimate,phishing,0.8,"phishing,legitimate","26081,6715"
22735,linguistic_technical_rag,phishing,phishing,0.85,"phishing,legitimate","22845,10811"
10801,linguistic_technical_rag,legitimate,legitimate,0.95,"phishing,legitimate","29475,5690"
3689,linguistic_technical_rag,phishing,phishing,0.85,"phishing,legitimate","20262,6618"
24391,linguistic_technical_rag,phishing,phishing,0.85,"phishing,legitimate","23930,11427"
10710,linguistic_technical_rag,legitimate,legitimate,0.95,"phishing,legitimate","29554,6504"
4258,linguistic_technical_rag,phishing,phishing,0.8,"phishing,legitimate","22541,5394"
22978,linguistic_technical_rag,phishing,phishing,0.8,"phishing,legitimate","22474,12109"
22266,linguistic_technical_rag,legitimate,legitimate,0.95,"phishing,legitimate","19030,5810"
4767,linguistic_technical_rag,phishing,phishing,0.75,"phishing,legitimate","27774,16429"
19756,linguistic_technical_rag,phishing,phishing,0.85,"phishing,legitimate","26768,15828"
4453,linguistic_technical_rag,phishing,phishing,0.85,"phishing,legitimate","3792,7939"
21518,linguistic_technical_rag,legitimate,legitimate,0.95,"phishing,legitimate","28388,21559"
7839,linguistic_technical_rag,legitimate,phishing,0.75,"phishing,legitimate","26064,8932"
2016,linguistic_technical_rag,legitimate,phishing,0.8,"phishing,legitimate","28306,2020"
15954,linguistic_technical_rag,legitimate,phishing,0.75,phishing,28396
21901,linguistic_technical_rag,legitimate,phishing,0.85,"phishing,legitimate","26081,21301"
10928,linguistic_technical_rag,legitimate,legitimate,0.95,"phishing,legitimate","15195,10857"
3895,linguistic_technical_rag,phishing,phishing,0.8,"phishing,legitimate","15664,25122"
21884,linguistic_technical_rag,legitimate,phishing,0.85,"phishing,legitimate","4511,640"
25491,linguistic_technical_rag,legitimate,legitimate,0.95,"phishing,legitimate","14418,25030"
5564,linguistic_technical_rag,legitimate,legitimate,0.95,"phishing,legitimate","27487,5418"
22094,linguistic_technical_rag,legitimate,phishing,0.85,"phishing,legitimate","14418,22050"
27689,linguistic_technical_rag,phishing,phishing,0.85,"phishing,legitimate","15744,12309"
22349,linguistic_technical_rag,legitimate,legitimate,0.95,"phishing,legitimate","17335,14199"
11528,linguistic_technical_rag,legitimate,legitimate,0.95,"phishing,legitimate","26844,11151"
14573,linguistic_technical_rag,phishing,phishing,0.8,"phishing,legitimate","26338,1011"
4571,linguistic_technical_rag,phishing,phishing,0.85,"phishing,legitimate","20120,25310"
24008,linguistic_technical_rag,phishing,phishing,0.85,"phishing,legitimate","20770,5269"
5887,linguistic_technical_rag,legitimate,phishing,0.7,"phishing,legitimate","29196,21623"
15567,linguistic_technical_rag,phishing,phishing,0.8,"phishing,legitimate","18879,5328"
18013,linguistic_technical_rag,phishing,phishing,0.85,"phishing,legitimate","28512,7466"
14497,linguistic_technical_rag,phishing,phishing,0.85,"phishing,legitimate","26423,6306"
5288,linguistic_technical_rag,legitimate,phishing,0.75,"phishing,legitimate","17962,5614"
15323,linguistic_technical_rag,phishing,legitimate,0.8,"phishing,legitimate","29399,6347"
5290,linguistic_technical_rag,legitimate,legitimate,0.9,"phishing,legitimate","10289,5614"
12991,linguistic_technical_rag,legitimate,phishing,0.75,"phishing,legitimate","19898,11914"
24280,linguistic_technical_rag,phishing,phishing,0.85,"phishing,legitimate","24546,8938"
17171,linguistic_technical_rag,legitimate,phishing,0.85,phishing,28396
16844,linguistic_technical_rag,legitimate,legitimate,0.95,"phishing,legitimate","19814,17272"
8543,linguistic_technical_rag,legitimate,legitimate,0.95,"phishing,legitimate","22958,8577"
604,linguistic_technical_rag,legitimate,legitimate,0.95,"phishing,legitimate","27090,2868"
23821,linguistic_technical_rag,phishing,phishing,0.75,"phishing,legitimate","10502,24895"
24454,linguistic_technical_rag,phishing,phishing,0.85,"phishing,legitimate","28945,11427"
9995,linguistic_technical_rag,phishing,phishing,0.85,"phishing,legitimate","9939,6308"
26665,linguistic_technical_rag,phishing,phishing,0.85,"phishing,legitimate","28457,7700"
28464,linguistic_technical_rag,phishing,phishing,0.85,"phishing,legitimate","26611,11427"
11313,linguistic_technical_rag,legitimate,phishing,0.8,"phishing,legitimate","17737,16662"
20756,linguistic_technical_rag,phishing,phishing,0.95,"phishing,legitimate","26528,12309"
23632,linguistic_technical_rag,phishing,phishing,0.8,legitimate,22344
8784,linguistic_technical_rag,legitimate,legitimate,0.95,"phishing,legitimate","14418,25747"
7680,linguistic_technical_rag,legitimate,legitimate,0.95,"phishing,legitimate","20895,8155"
8517,linguistic_technical_rag,legitimate,phishing,0.85,"phishing,legitimate","15706,1556"
14068,linguistic_technical_rag,legitimate,legitimate,0.95,"phishing,legitimate","9483,13870"
26241,linguistic_technical_rag,phishing,phishing,0.85,"phishing,legitimate","27754,24789"
23350,linguistic_technical_rag,phishing,legitimate,0.95,"phishing,legitimate","18694,6308"
616,linguistic_technical_rag,legitimate,legitimate,0.95,"phishing,legitimate","4388,2228"
18304,linguistic_technical_rag,phishing,phishing,0.9,"phishing,legitimate","26617,16145"
20130,linguistic_technical_rag,phishing,phishing,0.85,"phishing,legitimate","27313,12602"
10548,linguistic_technical_rag,phishing,phishing,0.85,"phishing,legitimate","24546,8938"
20558,linguistic_technical_rag,phishing,phishing,0.75,"phishing,legitimate","15490,12060"
3138,linguistic_technical_rag,legitimate,legitimate,0.95,"phishing,legitimate","29212,10894"
8209,linguistic_technical_rag,legitimate,legitimate,0.95,"phishing,legitimate","4802,1106"
29009,linguistic_technical_rag,phishing,phishing,0.85,"phishing,legitimate","15701,7688"
8381,linguistic_technical_rag,legitimate,phishing,0.85,"phishing,legitimate","20895,8618"
2941,linguistic_technical_rag,legitimate,phishing,0.75,"phishing,legitimate","26049,1187"
27505,linguistic_technical_rag,phishing,phishing,0.75,"phishing,legitimate","19544,22344"
1861,linguistic_technical_rag,legitimate,phishing,0.85,"phishing,legitimate","20895,1696"
9075,linguistic_technical_rag,legitimate,legitimate,0.9,"phishing,legitimate","24225,11496"
26214,linguistic_technical_rag,phishing,phishing,0.85,"phishing,legitimate","19310,4865"
10168,linguistic_technical_rag,phishing,phishing,0.85,"phishing,legitimate","23254,6071"
22702,linguistic_technical_rag,phishing,legitimate,0.75,"phishing,legitimate","23451,5394"
26885,linguistic_technical_rag,phishing,phishing,0.85,"phishing,legitimate","3761,8507"
6704,linguistic_technical_rag,legitimate,legitimate,0.85,"phishing,legitimate","28408,5127"
6622,linguistic_technical_rag,legitimate,legitimate,0.95,"phishing,legitimate","29554,13223"
27164,linguistic_technical_rag,phishing,phishing,0.85,"phishing,legitimate","20612,13979"
28006,linguistic_technical_rag,phishing,phishing,0.85,"phishing,legitimate","27227,11427"
19885,linguistic_technical_rag,phishing,phishing,0.85,"phishing,legitimate","28959,11514"
19738,linguistic_technical_rag,phishing,phishing,0.75,"phishing,legitimate","24058,25262"
6100,linguistic_technical_rag,legitimate,phishing,0.7,"phishing,legitimate","15703,6526"
28862,linguistic_technical_rag,phishing,phishing,0.8,"phishing,legitimate","10374,24647"
5238,linguistic_technical_rag,legitimate,legitimate,0.85,"phishing,legitimate","14766,5229"
13342,linguistic_technical_rag,legitimate,legitimate,0.95,"phishing,legitimate","26064,13619"
14460,linguistic_technical_rag,phishing,phishing,0.8,"phishing,legitimate","28110,1250"
19199,linguistic_technical_rag,phishing,phishing,0.85,"phishing,legitimate","17835,13924"
27249,linguistic_technical_rag,phishing,phishing,0.85,"phishing,legitimate","26720,7700"
23537,linguistic_technical_rag,phishing,phishing,0.85,"phishing,legitimate","23781,11770"
11268,linguistic_technical_rag,legitimate,legitimate,0.95,"phishing,legitimate","18437,11220"
6995,linguistic_technical_rag,legitimate,legitimate,0.8,"phishing,legitimate","10045,12346"
14314,linguistic_technical_rag,legitimate,phishing,0.75,"phishing,legitimate","14955,11908"
1661,linguistic_technical_rag,legitimate,phishing,0.85,"phishing,legitimate","28236,8534"
9335,linguistic_technical_rag,phishing,phishing,0.85,"phishing,legitimate","24313,16145"
17827,linguistic_technical_rag,phishing,phishing,0.75,"phishing,legitimate","22631,1645"
14495,linguistic_technical_rag,phishing,phishing,0.8,"phishing,legitimate","22519,7700"
159,linguistic_technical_rag,legitimate,phishing,0.85,phishing,19079
1589,linguistic_technical_rag,legitimate,phishing,0.8,"phishing,legitimate","9189,11914"
25453,linguistic_technical_rag,legitimate,legitimate,0.95,"phishing,legitimate","26159,8507"
12402,linguistic_technical_rag,legitimate,legitimate,0.95,"phishing,legitimate","3986,1163"
29364,linguistic_technical_rag,phishing,phishing,0.85,"phishing,legitimate","28902,2248"
28214,linguistic_technical_rag,phishing,phishing,0.85,"phishing,legitimate","14858,1820"
1957,linguistic_technical_rag,legitimate,phishing,0.75,"phishing,legitimate","9483,1304"
5094,linguistic_technical_rag,legitimate,legitimate,0.95,"phishing,legitimate","10088,5240"
14386,linguistic_technical_rag,phishing,phishing,0.85,"phishing,legitimate","17493,16689"
25413,linguistic_technical_rag,legitimate,legitimate,0.95,"phishing,legitimate","27851,11808"
4622,linguistic_technical_rag,phishing,phishing,0.85,"phishing,legitimate","10157,1556"
9127,linguistic_technical_rag,legitimate,legitimate,0.95,"phishing,legitimate","26621,8900"
14452,linguistic_technical_rag,phishing,phishing,0.85,"phishing,legitimate","28047,7939"
25117,linguistic_technical_rag,legitimate,phishing,0.7,"phishing,legitimate","28396,25195"
21455,linguistic_technical_rag,legitimate,phishing,0.8,"phishing,legitimate","28388,2592"
20028,linguistic_technical_rag,phishing,phishing,0.8,"phishing,legitimate","20170,11908"
29670,linguistic_technical_rag,phishing,phishing,0.85,"phishing,legitimate","29444,10967"
27434,linguistic_technical_rag,phishing,phishing,0.85,"phishing,legitimate","4475,12602"
18779,linguistic_technical_rag,phishing,phishing,0.85,"phishing,legitimate","18971,8527"
28424,linguistic_technical_rag,phishing,phishing,0.85,"phishing,legitimate","27221,1260"
3971,linguistic_technical_rag,phishing,phishing,0.85,"phishing,legitimate","10632,24867"
13432,linguistic_technical_rag,legitimate,legitimate,0.95,"phishing,legitimate","26453,13840"
25615,linguistic_technical_rag,legitimate,legitimate,0.95,"phishing,legitimate","18638,12649"
8458,linguistic_technical_rag,legitimate,phishing,0.8,"phishing,legitimate","20895,22403"
651,linguistic_technical_rag,legitimate,phishing,0.75,"phishing,legitimate","18077,2572"
27849,linguistic_technical_rag,phishing,phishing,0.85,"phishing,legitimate","18288,21108"
22223,linguistic_technical_rag,legitimate,phishing,0.75,"phishing,legitimate","23782,2358"
22121,linguistic_technical_rag,legitimate,legitimate,0.95,"phishing,legitimate","24345,21241"
12159,linguistic_technical_rag,legitimate,legitimate,0.85,"phishing,legitimate","23451,7634"
28815,linguistic_technical_rag,phishing,phishing,0.85,"phishing,legitimate","3781,25229"
8804,linguistic_technical_rag,legitimate,legitimate,0.95,"phishing,legitimate","29196,22421"
20462,linguistic_technical_rag,phishing,phishing,0.85,"phishing,legitimate","26108,12602"
16257,linguistic_technical_rag,legitimate,legitimate,0.85,"phishing,legitimate","20183,16133"
22413,linguistic_technical_rag,legitimate,legitimate,0.95,"phishing,legitimate","4511,2592"
11396,linguistic_technical_rag,legitimate,legitimate,0.95,"phishing,legitimate","10439,11414"
11727,linguistic_technical_rag,legitimate,phishing,0.85,"phishing,legitimate","27621,11712"
9767,linguistic_technical_rag,phishing,phishing,0.85,"phishing,legitimate","22661,6258"
28287,linguistic_technical_rag,phishing,phishing,0.8,"phishing,legitimate","28110,6347"
10404,linguistic_technical_rag,phishing,phishing,0.8,"phishing,legitimate","9382,6616"
3747,linguistic_technical_rag,phishing,phishing,0.85,"phishing,legitimate","29260,15828"
3954,linguistic_technical_rag,phishing,phishing,0.85,"phishing,legitimate","18691,6904"
7924,linguistic_technical_rag,legitimate,legitimate,0.95,"phishing,legitimate","23451,7908"
11201,linguistic_technical_rag,legitimate,legitimate,0.85,"phishing,legitimate","29181,10924"
6917,linguistic_technical_rag,legitimate,legitimate,0.95,"phishing,legitimate","28974,10764"
11547,linguistic_technical_rag,legitimate,legitimate,0.95,"phishing,legitimate","15718,11559"
631,linguistic_technical_rag,legitimate,legitimate,0.95,"phishing,legitimate","27533,1011"
14243,linguistic_technical_rag,legitimate,legitimate,0.85,"phishing,legitimate","22661,13124"
5042,linguistic_technical_rag,legitimate,legitimate,0.95,"phishing,legitimate","19779,4973"
18709,linguistic_technical_rag,phishing,phishing,0.8,"phishing,legitimate","3964,8809"
21425,linguistic_technical_rag,legitimate,legitimate,0.95,"phishing,legitimate","4853,11083"
21653,linguistic_technical_rag,legitimate,phishing,0.85,"phishing,legitimate","22998,21217"
4181,linguistic_technical_rag,phishing,phishing,0.75,"phishing,legitimate","3888,7939"
12287,linguistic_technical_rag,legitimate,phishing,0.85,"phishing,legitimate","27487,12753"
11115,linguistic_technical_rag,legitimate,legitimate,0.85,"phishing,legitimate","20646,22283"
23892,linguistic_technical_rag,phishing,phishing,0.75,"phishing,legitimate","23827,5614"
18244,linguistic_technical_rag,phishing,phishing,0.85,"phishing,legitimate","14664,7700"
18736,linguistic_technical_rag,phishing,phishing,0.8,"phishing,legitimate","28455,11141"
13232,linguistic_technical_rag,legitimate,legitimate,0.95,"phishing,legitimate","17667,11167"
1853,linguistic_technical_rag,legitimate,phishing,0.75,"phishing,legitimate","26874,1657"
19043,linguistic_technical_rag,phishing,phishing,0.85,"phishing,legitimate","19977,25012"
12156,linguistic_technical_rag,legitimate,legitimate,0.95,"phishing,legitimate","22961,7471"
10756,linguistic_technical_rag,legitimate,phishing,0.85,"phishing,legitimate","10439,10769"
746,linguistic_technical_rag,legitimate,phishing,0.75,"phishing,legitimate","20872,934"
13994,linguistic_technical_rag,legitimate,legitimate,0.95,"phishing,legitimate","20372,12589"
15649,linguistic_technical_rag,phishing,phishing,0.75,"phishing,legitimate","28902,24759"
1136,linguistic_technical_rag,legitimate,phishing,0.8,"phishing,legitimate","23101,1067"
1132,linguistic_technical_rag,legitimate,legitimate,0.95,"phishing,legitimate","18914,7082"
15451,linguistic_technical_rag,phishing,phishing,0.85,"phishing,legitimate","29144,10769"
13506,linguistic_technical_rag,legitimate,legitimate,0.95,"phishing,legitimate","17667,13500"
24923,linguistic_technical_rag,legitimate,legitimate,0.85,"phishing,legitimate","29554,25140"
13502,linguistic_technical_rag,legitimate,legitimate,0.95,"phishing,legitimate","20120,13505"
13812,linguistic_technical_rag,legitimate,phishing,0.8,"phishing,legitimate","3964,13700"
5715,linguistic_technical_rag,legitimate,legitimate,0.95,"phishing,legitimate","14418,6277"
23510,linguistic_technical_rag,phishing,phishing,0.85,"phishing,legitimate","23496,12014"
11217,linguistic_technical_rag,legitimate,legitimate,0.95,"phishing,legitimate","4014,12547"
22593,linguistic_technical_rag,phishing,phishing,0.8,"phishing,legitimate","9450,13077"
22016,linguistic_technical_rag,legitimate,phishing,0.8,"phishing,legitimate","29132,16447"
23997,linguistic_technical_rag,phishing,phishing,0.85,"phishing,legitimate","9777,1820"
6075,linguistic_technical_rag,legitimate,legitimate,0.95,"phishing,legitimate","19966,5203"
11546,linguistic_technical_rag,legitimate,phishing,0.75,"phishing,legitimate","27532,11167"
18940,linguistic_technical_rag,phishing,phishing,0.85,"phishing,legitimate","18141,8338"
20305,linguistic_technical_rag,phishing,phishing,0.85,"phishing,legitimate","20270,2881"
12080,linguistic_technical_rag,legitimate,legitimate,0.85,"phishing,legitimate","4511,12376"
18283,linguistic_technical_rag,phishing,phishing,0.85,"phishing,legitimate","26102,5307"
25777,linguistic_technical_rag,legitimate,phishing,0.8,"phishing,legitimate","4511,5838"
28116,linguistic_technical_rag,phishing,phishing,0.85,"phishing,legitimate","27774,1766"
20152,linguistic_technical_rag,phishing,phishing,0.85,"phishing,legitimate","20164,8338"
22418,linguistic_technical_rag,legitimate,phishing,0.85,"phishing,legitimate","20071,21078"
17542,linguistic_technical_rag,phishing,phishing,0.85,"phishing,legitimate","22944,8692"
7176,linguistic_technical_rag,legitimate,phishing,0.7,"phishing,legitimate","18437,6356"
22029,linguistic_technical_rag,legitimate,legitimate,0.95,"phishing,legitimate","17962,25534"
15122,linguistic_technical_rag,phishing,phishing,0.8,"phishing,legitimate","22661,6200"
10041,linguistic_technical_rag,phishing,phishing,0.75,"phishing,legitimate","23409,1367"
28102,linguistic_technical_rag,phishing,phishing,0.85,"phishing,legitimate","20251,11713"
13195,linguistic_technical_rag,legitimate,phishing,0.8,"phishing,legitimate","19734,21554"
13450,linguistic_technical_rag,legitimate,legitimate,0.95,"phishing,legitimate","24225,11151"
19672,linguistic_technical_rag,phishing,phishing,0.85,"phishing,legitimate","20620,21217"
9309,linguistic_technical_rag,phishing,phishing,0.8,"phishing,legitimate","14824,6506"
23660,linguistic_technical_rag,phishing,phishing,0.8,"phishing,legitimate","17496,1820"
4281,linguistic_technical_rag,phishing,phishing,0.85,"phishing,legitimate","18578,6572"
8877,linguistic_technical_rag,legitimate,legitimate,0.85,"phishing,legitimate","23101,8926"
2901,linguistic_technical_rag,legitimate,phishing,0.8,"phishing,legitimate","26858,4861"
15887,linguistic_technical_rag,legitimate,phishing,0.85,phishing,17737
19757,linguistic_technical_rag,phishing,phishing,0.85,"phishing,legitimate","19734,2248"
16313,linguistic_technical_rag,legitimate,legitimate,0.95,"phishing,legitimate","19734,16126"
4354,linguistic_technical_rag,phishing,phishing,0.85,"phishing,legitimate","19977,16291"
9825,linguistic_technical_rag,phishing,phishing,0.85,"phishing,legitimate","22873,25479"
21650,linguistic_technical_rag,legitimate,legitimate,0.95,"phishing,legitimate","19734,21659"
15972,linguistic_technical_rag,legitimate,phishing,0.85,phishing,19814
8122,linguistic_technical_rag,legitimate,phishing,0.8,"phishing,legitimate","9901,8240"
26406,linguistic_technical_rag,phishing,phishing,0.85,"phishing,legitimate","19483,1246"
9416,linguistic_technical_rag,phishing,phishing,0.85,"phishing,legitimate","24600,11765"
8714,linguistic_technical_rag,legitimate,legitimate,0.95,"phishing,legitimate","14418,7738"
8846,linguistic_technical_rag,legitimate,phishing,0.85,"phishing,legitimate","19898,5127"
9743,linguistic_technical_rag,phishing,phishing,0.85,legitimate,8507
10913,linguistic_technical_rag,legitimate,legitimate,0.95,"phishing,legitimate","20120,7234"
25301,linguistic_technical_rag,legitimate,legitimate,0.95,"phishing,legitimate","10088,7952"
1926,linguistic_technical_rag,legitimate,phishing,0.75,"phishing,legitimate","23451,2029"
2714,linguistic_technical_rag,legitimate,legitimate,0.95,"phishing,legitimate","27533,2317"
13112,linguistic_technical_rag,legitimate,legitimate,0.95,"phishing,legitimate","4511,5676"
14611,linguistic_technical_rag,phishing,phishing,0.7,"phishing,legitimate","27313,3209"
15079,linguistic_technical_rag,phishing,phishing,0.75,"phishing,legitimate","26159,8507"
21130,linguistic_technical_rag,legitimate,legitimate,0.95,"phishing,legitimate","27809,22283"
7327,linguistic_technical_rag,legitimate,legitimate,0.85,"phishing,legitimate","4423,21745"
7315,linguistic_technical_rag,legitimate,legitimate,0.95,"phishing,legitimate","18493,7366"
20554,linguistic_technical_rag,phishing,phishing,0.85,"phishing,legitimate","26769,8965"
21507,linguistic_technical_rag,legitimate,phishing,0.75,"phishing,legitimate","9617,2045"
19609,linguistic_technical_rag,phishing,phishing,0.8,"phishing,legitimate","3574,2404"
26384,linguistic_technical_rag,phishing,phishing,0.95,"phishing,legitimate","20638,1947"
11483,linguistic_technical_rag,legitimate,phishing,0.7,"phishing,legitimate","23906,11481"
2362,linguistic_technical_rag,legitimate,legitimate,0.95,"phishing,legitimate","27809,164"
1573,linguistic_technical_rag,legitimate,legitimate,0.95,"phishing,legitimate","10117,1776"
9510,linguistic_technical_rag,phishing,phishing,0.8,legitimate,22174
7155,linguistic_technical_rag,legitimate,legitimate,0.95,"phishing,legitimate","3986,24800"
28631,linguistic_technical_rag,phishing,phishing,0.85,"phishing,legitimate","29424,25252"
29742,linguistic_technical_rag,phishing,phishing,0.85,"phishing,legitimate","19954,1556"
24320,linguistic_technical_rag,phishing,phishing,0.85,"phishing,legitimate","23827,3271"
15,linguistic_technical_rag,legitimate,phishing,0.8,phishing,27090
28459,linguistic_technical_rag,phishing,phishing,0.85,"phishing,legitimate","28396,22341"
28518,linguistic_technical_rag,phishing,phishing,0.85,"phishing,legitimate","28167,12602"
20802,linguistic_technical_rag,phishing,phishing,0.85,"phishing,legitimate","27171,1788"
9726,linguistic_technical_rag,phishing,phishing,0.85,legitimate,8507
8172,linguistic_technical_rag,legitimate,phishing,0.8,"phishing,legitimate","28388,5925"
5835,linguistic_technical_rag,legitimate,legitimate,0.95,"phishing,legitimate","14617,6809"
28933,linguistic_technical_rag,phishing,phishing,0.8,"phishing,legitimate","15016,13711"
22353,linguistic_technical_rag,legitimate,legitimate,0.95,"phishing,legitimate","9587,21440"
29278,linguistic_technical_rag,phishing,phishing,0.8,"phishing,legitimate","23424,6308"
19245,linguistic_technical_rag,phishing,legitimate,0.95,"phishing,legitimate","17407,7466"
23810,linguistic_technical_rag,phishing,phishing,0.85,"phishing,legitimate","22633,1556"
14889,linguistic_technical_rag,phishing,phishing,0.85,"phishing,legitimate","29427,1381"
17420,linguistic_technical_rag,phishing,phishing,0.7,"phishing,legitimate","26808,22169"
5673,linguistic_technical_rag,legitimate,legitimate,0.95,"phishing,legitimate","20183,4950"
5680,linguistic_technical_rag,legitimate,legitimate,0.95,"phishing,legitimate","20183,10827"
8241,linguistic_technical_rag,legitimate,phishing,0.8,"phishing,legitimate","9587,5127"
6393,linguistic_technical_rag,legitimate,legitimate,0.95,"phishing,legitimate","4511,6415"
28403,linguistic_technical_rag,phishing,phishing,0.85,"phishing,legitimate","14357,732"
4312,linguistic_technical_rag,phishing,phishing,0.75,"phishing,legitimate","17759,25252"
3215,linguistic_technical_rag,legitimate,legitimate,0.95,"phishing,legitimate","28167,3177"
25550,linguistic_technical_rag,legitimate,phishing,0.85,"phishing,legitimate","19898,25302"
25668,linguistic_technical_rag,legitimate,phishing,0.75,"phishing,legitimate","27022,25697"
10521,linguistic_technical_rag,phishing,phishing,0.85,"phishing,legitimate","26799,7688"
19964,linguistic_technical_rag,phishing,phishing,0.85,"phishing,legitimate","20170,11908"
8237,linguistic_technical_rag,legitimate,legitimate,0.95,"phishing,legitimate","4511,7492"
16066,linguistic_technical_rag,legitimate,phishing,0.7,phishing,28396
5125,linguistic_technical_rag,legitimate,legitimate,0.85,"phishing,legitimate","4423,7366"
27607,linguistic_technical_rag,phishing,phishing,0.75,"phishing,legitimate","24427,13097"
15911,linguistic_technical_rag,legitimate,phishing,0.7,phishing,28396
6296,linguistic_technical_rag,legitimate,legitimate,0.95,"phishing,legitimate","10167,6347"
9689,linguistic_technical_rag,phishing,phishing,0.8,legitimate,8507
20657,linguistic_technical_rag,phishing,phishing,0.85,"phishing,legitimate","15377,13840"
7642,linguistic_technical_rag,legitimate,legitimate,0.95,"phishing,legitimate","18488,8944"
19531,linguistic_technical_rag,phishing,phishing,0.85,"phishing,legitimate","10048,25457"
26606,linguistic_technical_rag,phishing,phishing,0.8,"phishing,legitimate","4065,6156"
2173,linguistic_technical_rag,legitimate,phishing,0.85,"phishing,legitimate","4423,2172"
11429,linguistic_technical_rag,legitimate,legitimate,0.95,"phishing,legitimate","17562,12602"
12392,linguistic_technical_rag,legitimate,legitimate,0.95,"phishing,legitimate","17564,12390"
20635,linguistic_technical_rag,phishing,phishing,0.85,"phishing,legitimate","15389,8239"
4126,linguistic_technical_rag,phishing,phishing,0.85,"phishing,legitimate","19249,6320"
7874,linguistic_technical_rag,legitimate,legitimate,0.95,"phishing,legitimate","19966,6603"
1852,linguistic_technical_rag,legitimate,phishing,0.85,"phishing,legitimate","19485,16447"
21920,linguistic_technical_rag,legitimate,legitimate,0.95,"phishing,legitimate","27502,21951"
18059,linguistic_technical_rag,phishing,phishing,0.85,"phishing,legitimate","18620,1776"
6834,linguistic_technical_rag,legitimate,legitimate,0.95,"phishing,legitimate","4511,5127"
29737,linguistic_technical_rag,phishing,phishing,0.85,"phishing,legitimate","18393,13577"
24734,linguistic_technical_rag,legitimate,legitimate,0.95,"phishing,legitimate","3979,16256"
3486,linguistic_technical_rag,legitimate,legitimate,0.95,"phishing,legitimate","10088,726"
20504,linguistic_technical_rag,phishing,legitimate,0.85,"phishing,legitimate","28685,10764"
27922,linguistic_technical_rag,phishing,phishing,0.7,"phishing,legitimate","21017,16172"
12435,linguistic_technical_rag,legitimate,legitimate,0.85,"phishing,legitimate","15637,14124"
23736,linguistic_technical_rag,phishing,phishing,0.85,"phishing,legitimate","23725,21620"
28729,linguistic_technical_rag,phishing,phishing,0.85,"phishing,legitimate","24313,1823"
1309,linguistic_technical_rag,legitimate,phishing,0.85,"phishing,legitimate","28795,990"
16247,linguistic_technical_rag,legitimate,legitimate,0.95,"phishing,legitimate","4511,16662"
15061,linguistic_technical_rag,phishing,phishing,0.8,"phishing,legitimate","15000,1011"
2525,linguistic_technical_rag,legitimate,legitimate,0.95,"phishing,legitimate","4802,2799"
13351,linguistic_technical_rag,legitimate,legitimate,0.85,"phishing,legitimate","14562,26031"
25346,linguistic_technical_rag,legitimate,phishing,0.85,"phishing,legitimate","19734,25903"
4232,linguistic_technical_rag,phishing,phishing,0.95,"phishing,legitimate","20212,6071"
18075,linguistic_technical_rag,phishing,phishing,0.95,"phishing,legitimate","19256,3004"
6425,linguistic_technical_rag,legitimate,legitimate,0.9,"phishing,legitimate","3986,4936"
25011,linguistic_technical_rag,legitimate,legitimate,0.95,"phishing,legitimate","20120,7996"
28773,linguistic_technical_rag,phishing,phishing,0.8,"phishing,legitimate","28945,6347"
14303,linguistic_technical_rag,legitimate,legitimate,0.95,"phishing,legitimate","17929,12439"
26129,linguistic_technical_rag,phishing,phishing,0.85,"phishing,legitimate","15036,12548"
27124,linguistic_technical_rag,phishing,phishing,0.85,"phishing,legitimate","26521,11047"
20111,linguistic_technical_rag,phishing,phishing,0.75,"phishing,legitimate","28005,7939"
8210,linguistic_technical_rag,legitimate,legitimate,0.95,"phishing,legitimate","15706,3289"
23020,linguistic_technical_rag,phishing,phishing,0.85,"phishing,legitimate","9450,7298"
19508,linguistic_technical_rag,phishing,phishing,0.8,"phishing,legitimate","15108,11141"
19517,linguistic_technical_rag,phishing,phishing,0.85,"phishing,legitimate","24313,16145"
5883,linguistic_technical_rag,legitimate,legitimate,0.95,"phishing,legitimate","26125,6053"
6462,linguistic_technical_rag,legitimate,legitimate,0.95,"phishing,legitimate","27487,6442"
26604,linguistic_technical_rag,phishing,phishing,0.8,"phishing,legitimate","14565,3465"
22959,linguistic_technical_rag,phishing,phishing,0.85,"phishing,legitimate","9450,13077"
20377,linguistic_technical_rag,phishing,phishing,0.8,"phishing,legitimate","18898,5082"
27142,linguistic_technical_rag,phishing,phishing,0.85,"phishing,legitimate","26386,6258"
12007,linguistic_technical_rag,legitimate,phishing,0.8,"phishing,legitimate","19966,12014"
9449,linguistic_technical_rag,phishing,phishing,0.85,"phishing,legitimate","28826,5040"
9609,linguistic_technical_rag,phishing,phishing,0.85,"phishing,legitimate","20964,13979"
2685,linguistic_technical_rag,legitimate,legitimate,0.95,"phishing,legitimate","20183,2587"
20400,linguistic_technical_rag,phishing,phishing,0.75,"phishing,legitimate","26538,16763"
12763,linguistic_technical_rag,legitimate,phishing,0.85,"phishing,legitimate","17956,8851"
22919,linguistic_technical_rag,phishing,phishing,0.85,"phishing,legitimate","22845,6162"
20276,linguistic_technical_rag,phishing,phishing,0.7,"phishing,legitimate","15725,10967"
14332,linguistic_technical_rag,legitimate,legitimate,0.95,"phishing,legitimate","22961,2904"
24947,linguistic_technical_rag,legitimate,legitimate,0.85,"phishing,legitimate","28388,22010"
20116,linguistic_technical_rag,phishing,phishing,0.75,"phishing,legitimate","20182,2637"
16970,linguistic_technical_rag,legitimate,phishing,0.85,phishing,28396
21761,linguistic_technical_rag,legitimate,phishing,0.8,"phishing,legitimate","9901,21563"
10646,linguistic_technical_rag,phishing,phishing,0.85,"phishing,legitimate","23456,12114"
18086,linguistic_technical_rag,phishing,phishing,0.85,"phishing,legitimate","24559,13124"
9671,linguistic_technical_rag,phishing,phishing,0.85,"phishing,legitimate","9369,26024"
1531,linguistic_technical_rag,legitimate,legitimate,0.95,"phishing,legitimate","9483,1483"
14466,linguistic_technical_rag,phishing,phishing,0.85,"phishing,legitimate","17411,6308"
19772,linguistic_technical_rag,phishing,phishing,0.85,"phishing,legitimate","28373,6258"
5479,linguistic_technical_rag,legitimate,legitimate,0.95,"phishing,legitimate","4511,5445"
3412,linguistic_technical_rag,legitimate,legitimate,0.95,"phishing,legitimate","28236,3385"
11103,linguistic_technical_rag,legitimate,legitimate,0.9,"phishing,legitimate","3964,16610"
7427,linguistic_technical_rag,legitimate,phishing,0.8,"phishing,legitimate","4511,7360"
25062,linguistic_technical_rag,legitimate,legitimate,0.85,"phishing,legitimate","28008,25013"
22935,linguistic_technical_rag,phishing,phishing,0.8,"phishing,legitimate","22998,6854"
26462,linguistic_technical_rag,phishing,phishing,0.85,"phishing,legitimate","15397,11427"
15316,linguistic_technical_rag,phishing,phishing,0.75,"phishing,legitimate","15369,1706"
18537,linguistic_technical_rag,phishing,phishing,0.85,"phishing,legitimate","18744,12602"
918,linguistic_technical_rag,legitimate,phishing,0.8,"phishing,legitimate","24225,1375"
22586,linguistic_technical_rag,phishing,phishing,0.8,"phishing,legitimate","20218,1645"
27189,linguistic_technical_rag,phishing,phishing,0.85,"phishing,legitimate","19544,1"
15822,linguistic_technical_rag,legitimate,phishing,0.75,phishing,28396
15691,linguistic_technical_rag,phishing,phishing,0.85,"phishing,legitimate","22898,13077"
11507,linguistic_technical_rag,legitimate,legitimate,0.95,"phishing,legitimate","24221,10894"
623,linguistic_technical_rag,legitimate,legitimate,0.95,"phishing,legitimate","28706,7836"
18094,linguistic_technical_rag,phishing,phishing,0.85,"phishing,legitimate","28246,6320"
848,linguistic_technical_rag,legitimate,legitimate,0.85,"phishing,legitimate","22975,1261"
3914,linguistic_technical_rag,phishing,phishing,0.85,"phishing,legitimate","23584,8527"
19875,linguistic_technical_rag,phishing,phishing,0.85,"phishing,legitimate","20690,8602"
23175,linguistic_technical_rag,phishing,phishing,0.85,"phishing,legitimate","23729,13135"
20850,linguistic_technical_rag,phishing,phishing,0.85,"phishing,legitimate","29629,1805"
15759,linguistic_technical_rag,phishing,phishing,0.85,"phishing,legitimate","28462,12014"
4333,linguistic_technical_rag,phishing,phishing,0.85,"phishing,legitimate","19830,8155"
19824,linguistic_technical_rag,phishing,phishing,0.85,"phishing,legitimate","14844,7939"
10619,linguistic_technical_rag,phishing,phishing,0.85,"phishing,legitimate","23655,12109"
23840,linguistic_technical_rag,phishing,phishing,0.7,"phishing,legitimate","17564,16172"
20205,linguistic_technical_rag,phishing,phishing,0.85,"phishing,legitimate","10632,6572"
29419,linguistic_technical_rag,phishing,phishing,0.8,"phishing,legitimate","29399,6347"
14650,linguistic_technical_rag,phishing,phishing,0.85,"phishing,legitimate","29260,15828"
14161,linguistic_technical_rag,legitimate,phishing,0.85,"phishing,legitimate","20992,12554"
14237,linguistic_technical_rag,legitimate,legitimate,0.95,"phishing,legitimate","22988,14087"
23169,linguistic_technical_rag,phishing,phishing,0.85,"phishing,legitimate","23254,7939"
26989,linguistic_technical_rag,phishing,phishing,0.8,"phishing,legitimate","26682,1657"
25098,linguistic_technical_rag,legitimate,phishing,0.85,"phishing,legitimate","17962,11495"
22763,linguistic_technical_rag,phishing,phishing,0.85,"phishing,legitimate","10085,12441"
5471,linguistic_technical_rag,legitimate,legitimate,0.95,"phishing,legitimate","4853,5202"
10180,linguistic_technical_rag,phishing,phishing,0.85,"phishing,legitimate","27772,16346"
17255,linguistic_technical_rag,legitimate,phishing,0.85,phishing,17737
9147,linguistic_technical_rag,legitimate,legitimate,0.95,"phishing,legitimate","28974,10673"
14095,linguistic_technical_rag,legitimate,legitimate,0.95,"phishing,legitimate","17929,14087"
25265,linguistic_technical_rag,legitimate,legitimate,0.95,"phishing,legitimate","22700,3149"
25247,linguistic_technical_rag,legitimate,legitimate,0.95,"phishing,legitimate","4511,21669"
1565,linguistic_technical_rag,legitimate,legitimate,0.95,"phishing,legitimate","22788,6504"
1616,linguistic_technical_rag,legitimate,legitimate,0.95,"phishing,legitimate","22538,1776"
16667,linguistic_technical_rag,legitimate,legitimate,0.95,"phishing,legitimate","28388,9111"
25103,linguistic_technical_rag,legitimate,legitimate,0.95,"phishing,legitimate","28974,24915"
12981,linguistic_technical_rag,legitimate,legitimate,0.95,"phishing,legitimate","29554,11914"
25138,linguistic_technical_rag,legitimate,legitimate,0.95,"phishing,legitimate","20183,25338"
12706,linguistic_technical_rag,legitimate,legitimate,0.95,"phishing,legitimate","14955,14280"
12455,linguistic_technical_rag,legitimate,legitimate,0.85,"phishing,legitimate","9953,13467"
11191,linguistic_technical_rag,legitimate,legitimate,0.95,"phishing,legitimate","17929,5295"
10399,linguistic_technical_rag,phishing,phishing,0.75,"phishing,legitimate","15421,21830"
27259,linguistic_technical_rag,phishing,phishing,0.8,"phishing,legitimate","24606,16724"
18776,linguistic_technical_rag,phishing,phishing,0.85,"phishing,legitimate","19150,11141"
25638,linguistic_technical_rag,legitimate,phishing,0.75,"phishing,legitimate","28960,1483"
9060,linguistic_technical_rag,legitimate,phishing,0.85,"phishing,legitimate","15620,7360"
22743,linguistic_technical_rag,phishing,phishing,0.8,"phishing,legitimate","19966,7448"
24912,linguistic_technical_rag,legitimate,legitimate,0.85,"phishing,legitimate","27350,25844"
982,linguistic_technical_rag,legitimate,legitimate,0.9,"phishing,legitimate","3964,710"
27644,linguistic_technical_rag,phishing,phishing,0.8,"phishing,legitimate","17607,6165"
11964,linguistic_technical_rag,legitimate,legitimate,0.95,"phishing,legitimate","26844,16662"
1530,linguistic_technical_rag,legitimate,legitimate,0.95,"phishing,legitimate","9483,1525"
5650,linguistic_technical_rag,legitimate,legitimate,0.95,"phishing,legitimate","14418,25912"
17107,linguistic_technical_rag,legitimate,phishing,0.7,phishing,28396
27278,linguistic_technical_rag,phishing,phishing,0.85,"phishing,legitimate","23038,6347"
28929,linguistic_technical_rag,phishing,phishing,0.75,"phishing,legitimate","17564,12390"
14213,linguistic_technical_rag,legitimate,phishing,0.85,"phishing,legitimate","17737,8507"
26812,linguistic_technical_rag,phishing,phishing,0.85,"phishing,legitimate","15292,790"
20645,linguistic_technical_rag,phishing,phishing,0.85,"phishing,legitimate","14768,8938"
13382,linguistic_technical_rag,legitimate,legitimate,0.95,"phishing,legitimate","17929,10772"
15515,linguistic_technical_rag,phishing,phishing,0.85,"phishing,legitimate","24581,609"
17775,linguistic_technical_rag,phishing,phishing,0.85,"phishing,legitimate","9641,13840"
25695,linguistic_technical_rag,legitimate,legitimate,0.95,"phishing,legitimate","26858,10715"
12393,linguistic_technical_rag,legitimate,legitimate,0.95,"phishing,legitimate","10640,14111"
21523,linguistic_technical_rag,legitimate,legitimate,0.95,"phishing,legitimate","17335,22283"
12061,linguistic_technical_rag,legitimate,legitimate,0.95,"phishing,legitimate","23796,13711"
23407,linguistic_technical_rag,phishing,legitimate,0.95,"phishing,legitimate","9879,6308"
19112,linguistic_technical_rag,phishing,phishing,0.85,"phishing,legitimate","26108,12602"
27105,linguistic_technical_rag,phishing,phishing,0.85,"phishing,legitimate","3761,22341"
12003,linguistic_technical_rag,legitimate,legitimate,0.95,"phishing,legitimate","17562,10764"
21160,linguistic_technical_rag,legitimate,phishing,0.8,"phishing,legitimate","18638,25140"
4592,linguistic_technical_rag,phishing,phishing,0.8,"phishing,legitimate","20270,22344"
2700,linguistic_technical_rag,legitimate,phishing,0.75,"phishing,legitimate","27090,2572"
3007,linguistic_technical_rag,legitimate,legitimate,0.95,"phishing,legitimate","17929,3021"
8103,linguistic_technical_rag,legitimate,legitimate,0.95,"phishing,legitimate","19898,21554"
22074,linguistic_technical_rag,legitimate,legitimate,0.85,"phishing,legitimate","24336,8968"
27340,linguistic_technical_rag,phishing,phishing,0.75,"phishing,legitimate","26235,6323"
9867,linguistic_technical_rag,phishing,phishing,0.85,"phishing,legitimate","23114,12014"
26806,linguistic_technical_rag,phishing,phishing,0.85,"phishing,legitimate","10167,6200"
4451,linguistic_technical_rag,phishing,phishing,0.85,"phishing,legitimate","27139,1769"
25976,linguistic_technical_rag,legitimate,phishing,0.8,"phishing,legitimate","18437,25076"
11788,linguistic_technical_rag,legitimate,legitimate,0.95,"phishing,legitimate","27621,11712"
5067,linguistic_technical_rag,legitimate,phishing,0.85,"phishing,legitimate","19734,5043"
29531,linguistic_technical_rag,phishing,phishing,0.85,"phishing,legitimate","15551,25728"
3264,linguistic_technical_rag,legitimate,phishing,0.75,"phishing,legitimate","18557,21137"
24753,linguistic_technical_rag,legitimate,legitimate,0.95,"phishing,legitimate","20183,25167"
25567,linguistic_technical_rag,legitimate,legitimate,0.95,"phishing,legitimate","4388,25195"
28107,linguistic_technical_rag,phishing,phishing,0.8,legitimate,8527
8377,linguistic_technical_rag,legitimate,phishing,0.8,"phishing,legitimate","26671,5632"
26829,linguistic_technical_rag,phishing,phishing,0.75,"phishing,legitimate","18332,13979"
16834,linguistic_technical_rag,legitimate,phishing,0.7,phishing,28396
8315,linguistic_technical_rag,legitimate,legitimate,0.95,"phishing,legitimate","9953,7023"
28901,linguistic_technical_rag,phishing,phishing,0.85,"phishing,legitimate","18039,3209"
14548,linguistic_technical_rag,phishing,phishing,0.85,"phishing,legitimate","27206,6306"
15361,linguistic_technical_rag,phishing,legitimate,0.95,"phishing,legitimate","4511,8968"
20529,linguistic_technical_rag,phishing,phishing,0.85,"phishing,legitimate","17914,12602"
15720,linguistic_technical_rag,phishing,phishing,0.8,"phishing,legitimate","29193,1304"
13802,linguistic_technical_rag,legitimate,legitimate,0.95,"phishing,legitimate","17929,3149"
22952,linguistic_technical_rag,phishing,phishing,0.85,"phishing,legitimate","9702,6162"
12038,linguistic_technical_rag,legitimate,legitimate,0.85,"phishing,legitimate","17564,2014"
12293,linguistic_technical_rag,legitimate,legitimate,0.95,"phishing,legitimate","18437,12318"
16065,linguistic_technical_rag,legitimate,phishing,0.8,phishing,28396
22000,linguistic_technical_rag,legitimate,legitimate,0.95,"phishing,legitimate","17667,13467"
20897,linguistic_technical_rag,phishing,phishing,0.85,"phishing,legitimate","18620,1776"
6164,linguistic_technical_rag,legitimate,phishing,0.75,"phishing,legitimate","17855,6165"
21889,linguistic_technical_rag,legitimate,legitimate,0.95,"phishing,legitimate","17472,21451"
13970,linguistic_technical_rag,legitimate,legitimate,0.95,"phishing,legitimate","18744,11083"
27330,linguistic_technical_rag,phishing,phishing,0.85,"phishing,legitimate","10165,13840"
5862,linguistic_technical_rag,legitimate,legitimate,0.85,"phishing,legitimate","23782,5869"
5568,linguistic_technical_rag,legitimate,phishing,0.85,"phishing,legitimate","9901,5127"
8783,linguistic_technical_rag,legitimate,legitimate,0.95,"phishing,legitimate","14418,8545"
17942,linguistic_technical_rag,phishing,phishing,0.85,"phishing,legitimate","22523,7700"
5912,linguistic_technical_rag,legitimate,phishing,0.8,"phishing,legitimate","14920,6506"
10974,linguistic_technical_rag,legitimate,legitimate,0.95,"phishing,legitimate","14562,16447"
2179,linguistic_technical_rag,legitimate,legitimate,0.95,"phishing,legitimate","14774,1295"
8632,linguistic_technical_rag,legitimate,phishing,0.85,"phishing,legitimate","28206,8635"
13523,linguistic_technical_rag,legitimate,legitimate,0.95,"phishing,legitimate","17335,11611"
1101,linguistic_technical_rag,legitimate,legitimate,0.95,"phishing,legitimate","20387,9003"
19987,linguistic_technical_rag,phishing,phishing,0.85,"phishing,legitimate","4304,7561"
28191,linguistic_technical_rag,phishing,phishing,0.85,"phishing,legitimate","28396,8507"
23089,linguistic_technical_rag,phishing,phishing,0.8,"phishing,legitimate","27071,966"
28031,linguistic_technical_rag,phishing,phishing,0.85,"phishing,legitimate","3761,8507"
101,linguistic_technical_rag,legitimate,legitimate,0.95,"phishing,legitimate","17335,415"
10185,linguistic_technical_rag,phishing,phishing,0.75,"phishing,legitimate","26703,21694"
3501,linguistic_technical_rag,phishing,phishing,0.85,"phishing,legitimate","20164,8338"
8222,linguistic_technical_rag,legitimate,legitimate,0.95,"phishing,legitimate","4853,8367"
5390,linguistic_technical_rag,legitimate,legitimate,0.95,"phishing,legitimate","26064,3385"
19598,linguistic_technical_rag,phishing,phishing,0.85,"phishing,legitimate","27722,7939"
17774,linguistic_technical_rag,phishing,phishing,0.8,"phishing,legitimate","18332,13711"
8601,linguistic_technical_rag,legitimate,phishing,0.8,"phishing,legitimate","4802,8640"
6463,linguistic_technical_rag,legitimate,legitimate,0.95,"phishing,legitimate","26125,4949"
13468,linguistic_technical_rag,legitimate,legitimate,0.95,"phishing,legitimate","28486,13618"
5376,linguistic_technical_rag,legitimate,phishing,0.85,"phishing,legitimate","26858,6618"
22366,linguistic_technical_rag,legitimate,legitimate,0.95,"phishing,legitimate","26064,14199"
5379,linguistic_technical_rag,legitimate,legitimate,0.95,"phishing,legitimate","9607,16662"
1465,linguistic_technical_rag,legitimate,phishing,0.75,"phishing,legitimate","17929,1496"
25900,linguistic_technical_rag,legitimate,legitimate,0.95,"phishing,legitimate","27851,22080"
18753,linguistic_technical_rag,phishing,phishing,0.85,"phishing,legitimate","28261,21322"
16867,linguistic_technical_rag,legitimate,phishing,0.75,phishing,28396
14469,linguistic_technical_rag,phishing,phishing,0.85,"phishing,legitimate","14408,1650"
9237,linguistic_technical_rag,phishing,phishing,0.8,"phishing,legitimate","22958,2370"
3801,linguistic_technical_rag,phishing,phishing,0.95,"phishing,legitimate","3586,24647"
2715,linguistic_technical_rag,legitimate,legitimate,0.95,"phishing,legitimate","19122,2358"
18415,linguistic_technical_rag,phishing,phishing,0.95,"phishing,legitimate","17642,21496"
29632,linguistic_technical_rag,phishing,phishing,0.85,"phishing,legitimate","9426,7700"
12264,linguistic_technical_rag,legitimate,legitimate,0.95,"phishing,legitimate","22975,12274"
21643,linguistic_technical_rag,legitimate,legitimate,0.95,"phishing,legitimate","29354,21853"
12800,linguistic_technical_rag,legitimate,legitimate,0.95,"phishing,legitimate","10085,14239"
19263,linguistic_technical_rag,phishing,phishing,0.85,"phishing,legitimate","22873,13097"
10024,linguistic_technical_rag,phishing,phishing,0.85,"phishing,legitimate","22833,6258"
11378,linguistic_technical_rag,legitimate,legitimate,0.95,"phishing,legitimate","23906,11996"
27282,linguistic_technical_rag,phishing,phishing,0.75,"phishing,legitimate","29375,22344"
25954,linguistic_technical_rag,legitimate,legitimate,0.95,"phishing,legitimate","17929,9004"
7312,linguistic_technical_rag,legitimate,phishing,0.75,"phishing,legitimate","4511,7292"
14310,linguistic_technical_rag,legitimate,legitimate,0.95,"phishing,legitimate","17737,14300"
11016,linguistic_technical_rag,legitimate,phishing,0.8,"phishing,legitimate","29117,10648"
17831,linguistic_technical_rag,phishing,phishing,0.75,"phishing,legitimate","9939,6308"
11244,linguistic_technical_rag,legitimate,legitimate,0.95,"phishing,legitimate","27851,11253"
11155,linguistic_technical_rag,legitimate,legitimate,0.95,"phishing,legitimate","26064,11309"
21906,linguistic_technical_rag,legitimate,legitimate,0.85,"phishing,legitimate","19734,6780"
2288,linguistic_technical_rag,legitimate,legitimate,0.95,"phishing,legitimate","28167,3185"
25041,linguistic_technical_rag,legitimate,legitimate,0.95,"phishing,legitimate","23026,12109"
24142,linguistic_technical_rag,phishing,phishing,0.75,"phishing,legitimate","4099,12014"
21565,linguistic_technical_rag,legitimate,legitimate,0.95,"phishing,legitimate","20183,2358"
16028,linguistic_technical_rag,legitimate,phishing,0.75,phishing,28396
15066,linguistic_technical_rag,phishing,phishing,0.8,"phishing,legitimate","18039,6258"
22451,linguistic_technical_rag,phishing,legitimate,0.95,"phishing,legitimate","23896,25081"
2709,linguistic_technical_rag,legitimate,legitimate,0.9,"phishing,legitimate","17667,2569"
13669,linguistic_technical_rag,legitimate,legitimate,0.95,"phishing,legitimate","22538,13642"
1543,linguistic_technical_rag,legitimate,legitimate,0.95,"phishing,legitimate","28795,1537"
8193,linguistic_technical_rag,legitimate,legitimate,0.95,"phishing,legitimate","15703,6053"
11489,linguistic_technical_rag,legitimate,legitimate,0.95,"phishing,legitimate","4853,11860"
29178,linguistic_technical_rag,phishing,phishing,0.85,"phishing,legitimate","23161,13077"
21691,linguistic_technical_rag,legitimate,phishing,0.8,"phishing,legitimate","23906,21501"
15662,linguistic_technical_rag,phishing,phishing,0.85,"phishing,legitimate","28288,1657"
8651,linguistic_technical_rag,legitimate,legitimate,0.95,"phishing,legitimate","23384,8658"
16195,linguistic_technical_rag,legitimate,legitimate,0.95,"phishing,legitimate","20895,11440"
12722,linguistic_technical_rag,legitimate,legitimate,0.95,"phishing,legitimate","14562,13452"
4164,linguistic_technical_rag,phishing,phishing,0.85,"phishing,legitimate","20120,2263"
17098,linguistic_technical_rag,legitimate,phishing,0.8,phishing,28396
12759,linguistic_technical_rag,legitimate,legitimate,0.95,"phishing,legitimate","9675,8935"
28669,linguistic_technical_rag,phishing,phishing,0.85,"phishing,legitimate","15560,5394"
5986,linguistic_technical_rag,legitimate,legitimate,0.95,"phishing,legitimate","24575,7373"
22320,linguistic_technical_rag,legitimate,phishing,0.8,"phishing,legitimate","9189,22220"
17934,linguistic_technical_rag,phishing,phishing,0.85,"phishing,legitimate","20188,730"
28304,linguistic_technical_rag,phishing,phishing,0.8,"phishing,legitimate","26769,5552"
18696,linguistic_technical_rag,phishing,phishing,0.8,"phishing,legitimate","24313,16689"
6222,linguistic_technical_rag,legitimate,phishing,0.85,"phishing,legitimate","28373,22174"
8850,linguistic_technical_rag,legitimate,phishing,0.8,"phishing,legitimate","26049,8851"
16573,linguistic_technical_rag,legitimate,phishing,0.7,"phishing,legitimate","20372,2104"
1970,linguistic_technical_rag,legitimate,phishing,0.75,"phishing,legitimate","19898,1147"
22275,linguistic_technical_rag,legitimate,phishing,0.75,"phishing,legitimate","26049,11996"
10311,linguistic_technical_rag,phishing,legitimate,0.75,"phishing,legitimate","23409,6308"
634,linguistic_technical_rag,legitimate,phishing,0.85,"phishing,legitimate","17562,164"
9803,linguistic_technical_rag,phishing,phishing,0.85,"phishing,legitimate","24313,11726"
3698,linguistic_technical_rag,phishing,phishing,0.75,"phishing,legitimate","14844,7688"
22470,linguistic_technical_rag,phishing,phishing,0.85,"phishing,legitimate","22845,13979"
19077,linguistic_technical_rag,phishing,phishing,0.75,"phishing,legitimate","20549,3144"
19763,linguistic_technical_rag,phishing,phishing,0.95,"phishing,legitimate","9647,1820"
11442,linguistic_technical_rag,legitimate,phishing,0.7,"phishing,legitimate","9269,12265"
6363,linguistic_technical_rag,legitimate,phishing,0.8,"phishing,legitimate","19122,8732"
17713,linguistic_technical_rag,phishing,phishing,0.85,"phishing,legitimate","26763,7317"
17514,linguistic_technical_rag,phishing,phishing,0.85,"phishing,legitimate","26108,12602"
29530,linguistic_technical_rag,phishing,phishing,0.85,"phishing,legitimate","15195,13840"
13005,linguistic_technical_rag,legitimate,phishing,0.75,"phishing,legitimate","14920,13263"
7202,linguistic_technical_rag,legitimate,legitimate,0.95,"phishing,legitimate","23913,11133"
29161,linguistic_technical_rag,phishing,phishing,0.85,"phishing,legitimate","28859,6320"
21271,linguistic_technical_rag,legitimate,phishing,0.75,"phishing,legitimate","14920,21440"
19187,linguistic_technical_rag,phishing,phishing,0.8,"phishing,legitimate","20700,13149"
13871,linguistic_technical_rag,legitimate,legitimate,0.95,"phishing,legitimate","19898,11495"
3766,linguistic_technical_rag,phishing,phishing,0.85,"phishing,legitimate","23161,6138"
24533,linguistic_technical_rag,phishing,legitimate,0.8,"phishing,legitimate","23310,8507"
14698,linguistic_technical_rag,phishing,phishing,0.85,"phishing,legitimate","15725,1693"
24128,linguistic_technical_rag,phishing,phishing,0.85,"phishing,legitimate","9382,1185"
28515,linguistic_technical_rag,phishing,phishing,0.75,"phishing,legitimate","15184,6258"
8446,linguistic_technical_rag,legitimate,phishing,0.8,"phishing,legitimate","19966,22403"
19967,linguistic_technical_rag,phishing,phishing,0.85,"phishing,legitimate","28500,24789"
4020,linguistic_technical_rag,phishing,phishing,0.85,"phishing,legitimate","19107,8338"
28358,linguistic_technical_rag,phishing,phishing,0.85,"phishing,legitimate","28068,2671"
21928,linguistic_technical_rag,legitimate,legitimate,0.95,"phishing,legitimate","22669,22169"
19317,linguistic_technical_rag,phishing,phishing,0.85,"phishing,legitimate","22650,24647"
22604,linguistic_technical_rag,phishing,phishing,0.75,"phishing,legitimate","27171,7996"
28755,linguistic_technical_rag,phishing,phishing,0.85,"phishing,legitimate","29751,2418"
20318,linguistic_technical_rag,phishing,phishing,0.95,"phishing,legitimate","20638,1947"
6493,linguistic_technical_rag,legitimate,phishing,0.85,"phishing,legitimate","26370,6506"
19518,linguistic_technical_rag,phishing,phishing,0.85,"phishing,legitimate","15108,12602"
4667,linguistic_technical_rag,phishing,legitimate,0.95,"phishing,legitimate","29212,25122"
25864,linguistic_technical_rag,legitimate,legitimate,0.95,"phishing,legitimate","23913,11011"
758,linguistic_technical_rag,legitimate,legitimate,0.95,"phishing,legitimate","3964,934"
9374,linguistic_technical_rag,phishing,phishing,0.85,"phishing,legitimate","9193,12139"
9346,linguistic_technical_rag,phishing,phishing,0.75,"phishing,legitimate","23430,6308"
3291,linguistic_technical_rag,legitimate,phishing,0.85,"phishing,legitimate","15466,3364"
1841,linguistic_technical_rag,legitimate,legitimate,0.95,"phishing,legitimate","26102,659"
1535,linguistic_technical_rag,legitimate,legitimate,0.95,"phishing,legitimate","14565,1441"
13759,linguistic_technical_rag,legitimate,legitimate,0.95,"phishing,legitimate","26844,5136"
14402,linguistic_technical_rag,phishing,phishing,0.8,"phishing,legitimate","28356,16759"
11657,linguistic_technical_rag,legitimate,legitimate,0.95,"phishing,legitimate","15637,13251"
27260,linguistic_technical_rag,phishing,phishing,0.85,"phishing,legitimate","26617,21496"
9616,linguistic_technical_rag,phishing,phishing,0.85,"phishing,legitimate","3528,25479"
7224,linguistic_technical_rag,legitimate,phishing,0.85,"phishing,legitimate","20183,934"
16525,linguistic_technical_rag,legitimate,phishing,0.85,"phishing,legitimate","21054,7465"
22553,linguistic_technical_rag,phishing,phishing,0.85,"phishing,legitimate","19779,1769"
19706,linguistic_technical_rag,phishing,phishing,0.75,"phishing,legitimate","10085,14262"
13419,linguistic_technical_rag,legitimate,phishing,0.8,"phishing,legitimate","29460,5557"
23000,linguistic_technical_rag,phishing,phishing,0.85,"phishing,legitimate","29319,8945"
19168,linguistic_technical_rag,phishing,phishing,0.8,"phishing,legitimate","26517,6162"
29635,linguistic_technical_rag,phishing,phishing,0.85,"phishing,legitimate","9450,6464"
9062,linguistic_technical_rag,legitimate,phishing,0.85,"phishing,legitimate","19898,4861"
9927,linguistic_technical_rag,phishing,phishing,0.8,"phishing,legitimate","9955,6308"
14004,linguistic_technical_rag,legitimate,legitimate,0.95,"phishing,legitimate","23906,13988"
8645,linguistic_technical_rag,legitimate,legitimate,0.95,"phishing,legitimate","14418,8520"
1751,linguistic_technical_rag,legitimate,phishing,0.8,"phishing,legitimate","10372,7317"
4012,linguistic_technical_rag,phishing,phishing,0.85,"phishing,legitimate","18357,6258"
18905,linguistic_technical_rag,phishing,phishing,0.85,"phishing,legitimate","18264,11713"
19543,linguistic_technical_rag,phishing,phishing,0.85,"phishing,legitimate","22711,6572"
8875,linguistic_technical_rag,legitimate,legitimate,0.95,"phishing,legitimate","27090,8874"
27283,linguistic_technical_rag,phishing,phishing,0.85,"phishing,legitimate","26659,5418"
24296,linguistic_technical_rag,phishing,phishing,0.85,"phishing,legitimate","29444,12060"
2084,linguistic_technical_rag,legitimate,phishing,0.85,"phishing,legitimate","3964,1238"
4142,linguistic_technical_rag,phishing,phishing,0.85,"phishing,legitimate","15016,7561"
5647,linguistic_technical_rag,legitimate,legitimate,0.95,"phishing,legitimate","4423,5085"
7759,linguistic_technical_rag,legitimate,legitimate,0.95,"phishing,legitimate","9901,5113"
12021,linguistic_technical_rag,legitimate,legitimate,0.95,"phishing,legitimate","14766,10673"
21258,linguistic_technical_rag,legitimate,legitimate,0.95,"phishing,legitimate","17861,7366"
19906,linguistic_technical_rag,phishing,phishing,0.75,"phishing,legitimate","20516,1820"
1802,linguistic_technical_rag,legitimate,phishing,0.85,"phishing,legitimate","19494,11808"
9431,linguistic_technical_rag,phishing,phishing,0.8,"phishing,legitimate","24492,5614"
12289,linguistic_technical_rag,legitimate,legitimate,0.95,"phishing,legitimate","20004,14105"
21362,linguistic_technical_rag,legitimate,legitimate,0.95,"phishing,legitimate","10439,22283"
3748,linguistic_technical_rag,phishing,phishing,0.85,"phishing,legitimate","17754,21694"
10400,linguistic_technical_rag,phishing,phishing,0.75,"phishing,legitimate","3586,24647"
25065,linguistic_technical_rag,legitimate,phishing,0.85,"phishing,legitimate","15637,25262"
588,linguistic_technical_rag,legitimate,legitimate,0.95,"phishing,legitimate","10088,592"
18303,linguistic_technical_rag,phishing,phishing,0.85,"phishing,legitimate","27862,21514"
150,linguistic_technical_rag,legitimate,phishing,0.75,phishing,27090
16754,linguistic_technical_rag,legitimate,legitimate,0.95,"phishing,legitimate","10088,5960"
29071,linguistic_technical_rag,phishing,phishing,0.85,legitimate,13810
16802,linguistic_technical_rag,legitimate,phishing,0.85,"phishing,legitimate","18620,7234"
16076,linguistic_technical_rag,legitimate,phishing,0.8,phishing,28396
5525,linguistic_technical_rag,legitimate,legitimate,0.95,"phishing,legitimate","17408,4973"
3196,linguistic_technical_rag,legitimate,legitimate,0.95,"phishing,legitimate","27533,3185"
26544,linguistic_technical_rag,phishing,phishing,0.85,"phishing,legitimate","15016,7317"
10802,linguistic_technical_rag,legitimate,legitimate,0.95,"phishing,legitimate","26125,10857"
1760,linguistic_technical_rag,legitimate,legitimate,0.95,"phishing,legitimate","9586,16145"
11569,linguistic_technical_rag,legitimate,legitimate,0.95,"phishing,legitimate","10068,25922"
17290,linguistic_technical_rag,legitimate,phishing,0.75,"phishing,legitimate","20071,16823"
23442,linguistic_technical_rag,phishing,phishing,0.85,"phishing,legitimate","18694,6308"
1009,linguistic_technical_rag,legitimate,legitimate,0.85,"phishing,legitimate","17929,2464"
2566,linguistic_technical_rag,legitimate,legitimate,0.95,"phishing,legitimate","23782,1985"
16404,linguistic_technical_rag,legitimate,legitimate,0.95,"phishing,legitimate","22975,16133"
9288,linguistic_technical_rag,phishing,phishing,0.75,"phishing,legitimate","10481,11770"
28502,linguistic_technical_rag,phishing,phishing,0.8,"phishing,legitimate","20147,21853"
9121,linguistic_technical_rag,legitimate,legitimate,0.95,"phishing,legitimate","14920,6628"
18625,linguistic_technical_rag,phishing,phishing,0.85,"phishing,legitimate","19742,6306"
13120,linguistic_technical_rag,legitimate,legitimate,0.95,"phishing,legitimate","3759,13251"
22530,linguistic_technical_rag,phishing,phishing,0.8,"phishing,legitimate","22874,1250"
10898,linguistic_technical_rag,legitimate,legitimate,0.95,"phishing,legitimate","27532,11309"
21379,linguistic_technical_rag,legitimate,legitimate,0.9,"phishing,legitimate","10439,21491"
400,linguistic_technical_rag,legitimate,phishing,0.8,phishing,18342
25815,linguistic_technical_rag,legitimate,legitimate,0.95,"phishing,legitimate","20183,25167"
26534,linguistic_technical_rag,phishing,phishing,0.85,"phishing,legitimate","26768,15828"
19224,linguistic_technical_rag,phishing,phishing,0.95,"phishing,legitimate","20638,1947"
25359,linguistic_technical_rag,legitimate,legitimate,0.95,"phishing,legitimate","14418,25912"
4741,linguistic_technical_rag,phishing,phishing,0.95,"phishing,legitimate","4737,21496"
13776,linguistic_technical_rag,legitimate,legitimate,0.95,"phishing,legitimate","23782,13786"
8147,linguistic_technical_rag,legitimate,phishing,0.75,"phishing,legitimate","19898,25449"
20422,linguistic_technical_rag,phishing,phishing,0.85,"phishing,legitimate","4617,21496"
1028,linguistic_technical_rag,legitimate,legitimate,0.75,"phishing,legitimate","27532,2317"
4789,linguistic_technical_rag,phishing,phishing,0.85,"phishing,legitimate","20101,8337"
14065,linguistic_technical_rag,legitimate,legitimate,0.95,"phishing,legitimate","19340,14087"
28747,linguistic_technical_rag,phishing,phishing,0.85,"phishing,legitimate","20972,8534"
1658,linguistic_technical_rag,legitimate,phishing,0.8,"phishing,legitimate","19340,25676"
23979,linguistic_technical_rag,phishing,phishing,0.85,"phishing,legitimate","29619,7561"
18960,linguistic_technical_rag,phishing,phishing,0.8,"phishing,legitimate","20895,16432"
14767,linguistic_technical_rag,phishing,phishing,0.85,"phishing,legitimate","14585,21830"
3657,linguistic_technical_rag,phishing,phishing,0.85,"phishing,legitimate","20865,25895"
29343,linguistic_technical_rag,phishing,phishing,0.85,"phishing,legitimate","29148,8240"
2917,linguistic_technical_rag,legitimate,legitimate,0.95,"phishing,legitimate","17929,1163"
9208,linguistic_technical_rag,phishing,phishing,0.75,"phishing,legitimate","27502,6291"
12075,linguistic_technical_rag,legitimate,legitimate,0.95,"phishing,legitimate","14743,10967"
6888,linguistic_technical_rag,legitimate,legitimate,0.85,"phishing,legitimate","18831,7688"
5381,linguistic_technical_rag,legitimate,legitimate,0.95,"phishing,legitimate","28236,8851"
6450,linguistic_technical_rag,legitimate,legitimate,0.95,"phishing,legitimate","9901,6662"
8902,linguistic_technical_rag,legitimate,legitimate,0.95,"phishing,legitimate","29096,8695"
16288,linguistic_technical_rag,legitimate,legitimate,0.95,"phishing,legitimate","17408,8020"
4735,linguistic_technical_rag,phishing,phishing,0.75,"phishing,legitimate","18393,26031"
21971,linguistic_technical_rag,legitimate,legitimate,0.95,"phishing,legitimate","26081,12945"
26292,linguistic_technical_rag,phishing,phishing,0.85,legitimate,25189
23253,linguistic_technical_rag,phishing,phishing,0.85,"phishing,legitimate","24180,12014"
18637,linguistic_technical_rag,phishing,phishing,0.85,"phishing,legitimate","19571,6618"
13482,linguistic_technical_rag,legitimate,legitimate,0.95,"phishing,legitimate","15693,21183"
2973,linguistic_technical_rag,legitimate,phishing,0.85,"phishing,legitimate","18437,14327"
12875,linguistic_technical_rag,legitimate,legitimate,0.95,"phishing,legitimate","17929,25014"
29580,linguistic_technical_rag,phishing,phishing,0.7,"phishing,legitimate","24111,13439"
24368,linguistic_technical_rag,phishing,phishing,0.85,"phishing,legitimate","28974,26022"
25400,linguistic_technical_rag,legitimate,legitimate,0.95,"phishing,legitimate","3964,25322"
14571,linguistic_technical_rag,phishing,phishing,0.8,"phishing,legitimate","20795,16585"
14710,linguistic_technical_rag,phishing,phishing,0.85,"phishing,legitimate","14890,8954"
20634,linguistic_technical_rag,phishing,phishing,0.85,"phishing,legitimate","4737,16447"
10081,linguistic_technical_rag,phishing,phishing,0.85,"phishing,legitimate","22519,7700"
16500,linguistic_technical_rag,legitimate,phishing,0.8,"phishing,legitimate","22975,16400"
5977,linguistic_technical_rag,legitimate,legitimate,0.85,"phishing,legitimate","10588,8851"
17505,linguistic_technical_rag,phishing,phishing,0.85,"phishing,legitimate","4749,6572"
27378,linguistic_technical_rag,phishing,phishing,0.85,"phishing,legitimate","20865,25895"
13770,linguistic_technical_rag,legitimate,legitimate,0.95,"phishing,legitimate","18638,273"
3733,linguistic_technical_rag,phishing,phishing,0.85,"phishing,legitimate","10374,779"
24396,linguistic_technical_rag,phishing,legitimate,0.85,"phishing,legitimate","9382,22308"
26825,linguistic_technical_rag,phishing,phishing,0.8,"phishing,legitimate","20387,8534"
5954,linguistic_technical_rag,legitimate,legitimate,0.95,"phishing,legitimate","15637,6809"
21153,linguistic_technical_rag,legitimate,phishing,0.8,"phishing,legitimate","24221,7773"
2977,linguistic_technical_rag,legitimate,phishing,0.7,"phishing,legitimate","20183,1375"
28395,linguistic_technical_rag,phishing,phishing,0.75,"phishing,legitimate","15016,7833"
16989,linguistic_technical_rag,legitimate,phishing,0.85,phishing,28396
22897,linguistic_technical_rag,phishing,phishing,0.8,"phishing,legitimate","18990,24698"
16494,linguistic_technical_rag,legitimate,legitimate,0.95,"phishing,legitimate","27621,22040"
13068,linguistic_technical_rag,legitimate,phishing,0.85,"phishing,legitimate","17737,13979"
14062,linguistic_technical_rag,legitimate,legitimate,0.95,"phishing,legitimate","27487,12753"
21281,linguistic_technical_rag,legitimate,phishing,0.85,"phishing,legitimate","17765,5223"
15979,linguistic_technical_rag,legitimate,legitimate,0.95,"phishing,legitimate","4802,10792"
13302,linguistic_technical_rag,legitimate,legitimate,0.95,"phishing,legitimate","15703,13301"
21113,linguistic_technical_rag,legitimate,phishing,0.85,"phishing,legitimate","20071,16128"
25211,linguistic_technical_rag,legitimate,legitimate,0.95,"phishing,legitimate","4511,7492"
6587,linguistic_technical_rag,legitimate,phishing,0.85,"phishing,legitimate","29096,6277"
13235,linguistic_technical_rag,legitimate,legitimate,0.95,"phishing,legitimate","18638,22341"
23436,linguistic_technical_rag,phishing,phishing,0.85,"phishing,legitimate","18694,13642"
29342,linguistic_technical_rag,phishing,phishing,0.8,"phishing,legitimate","29421,8602"
26466,linguistic_technical_rag,phishing,phishing,0.75,"phishing,legitimate","10167,7939"
26012,linguistic_technical_rag,legitimate,legitimate,0.95,"phishing,legitimate","17335,12062"
15277,linguistic_technical_rag,phishing,phishing,0.75,"phishing,legitimate","15725,1693"
20032,linguistic_technical_rag,phishing,phishing,0.85,"phishing,legitimate","20244,16434"
22629,linguistic_technical_rag,phishing,phishing,0.85,"phishing,legitimate","23161,24888"
4849,linguistic_technical_rag,phishing,phishing,0.85,"phishing,legitimate","29181,12034"
4523,linguistic_technical_rag,phishing,phishing,0.75,"phishing,legitimate","14929,13097"
29200,linguistic_technical_rag,phishing,phishing,0.85,"phishing,legitimate","28828,1441"
2427,linguistic_technical_rag,legitimate,phishing,0.8,"phishing,legitimate","9483,7836"
12645,linguistic_technical_rag,legitimate,legitimate,0.95,"phishing,legitimate","4511,12361"
17796,linguistic_technical_rag,phishing,phishing,0.8,"phishing,legitimate","26395,12014"
134,linguistic_technical_rag,legitimate,phishing,0.8,"phishing,legitimate","26064,503"
26037,linguistic_technical_rag,legitimate,legitimate,0.95,"phishing,legitimate","28959,10886"
9241,linguistic_technical_rag,phishing,phishing,0.85,legitimate,7688
6711,linguistic_technical_rag,legitimate,legitimate,0.95,"phishing,legitimate","26875,6780"
26962,linguistic_technical_rag,phishing,phishing,0.85,"phishing,legitimate","28490,8527"
1050,linguistic_technical_rag,legitimate,phishing,0.8,"phishing,legitimate","10610,22341"
5575,linguistic_technical_rag,legitimate,legitimate,0.95,"phishing,legitimate","3729,10918"
26154,linguistic_technical_rag,phishing,phishing,0.85,"phishing,legitimate","19898,1250"
7017,linguistic_technical_rag,legitimate,legitimate,0.95,"phishing,legitimate","19734,8818"
4393,linguistic_technical_rag,phishing,phishing,0.8,"phishing,legitimate","20673,12916"
17297,linguistic_technical_rag,legitimate,phishing,0.8,phishing,28396
25766,linguistic_technical_rag,legitimate,legitimate,0.85,"phishing,legitimate","4511,7587"
25492,linguistic_technical_rag,legitimate,legitimate,0.85,"phishing,legitimate","29096,6715"
11114,linguistic_technical_rag,legitimate,legitimate,0.95,"phishing,legitimate","23782,11230"
1992,linguistic_technical_rag,legitimate,legitimate,0.95,"phishing,legitimate","19898,2209"
27831,linguistic_technical_rag,phishing,phishing,0.75,"phishing,legitimate","4739,7966"
22180,linguistic_technical_rag,legitimate,phishing,0.85,"phishing,legitimate","17929,22201"
14558,linguistic_technical_rag,phishing,phishing,0.85,"phishing,legitimate","18617,3177"
1597,linguistic_technical_rag,legitimate,legitimate,0.95,"phishing,legitimate","20244,13077"
16123,linguistic_technical_rag,legitimate,phishing,0.8,"phishing,legitimate","23384,21078"
19351,linguistic_technical_rag,phishing,phishing,0.8,"phishing,legitimate","17432,1017"
28687,linguistic_technical_rag,phishing,phishing,0.85,"phishing,legitimate","17846,8534"
10069,linguistic_technical_rag,phishing,phishing,0.8,"phishing,legitimate","23384,6308"
14847,linguistic_technical_rag,phishing,phishing,0.85,"phishing,legitimate","20218,12014"
21594,linguistic_technical_rag,legitimate,phishing,0.85,"phishing,legitimate","15341,21607"
19280,linguistic_technical_rag,phishing,phishing,0.85,"phishing,legitimate","9382,6071"
14671,linguistic_technical_rag,phishing,phishing,0.85,"phishing,legitimate","28512,7466"
12796,linguistic_technical_rag,legitimate,legitimate,0.95,"phishing,legitimate","22661,6258"
4257,linguistic_technical_rag,phishing,phishing,0.85,"phishing,legitimate","27043,25479"
19963,linguistic_technical_rag,phishing,phishing,0.8,"phishing,legitimate","4526,2539"
8676,linguistic_technical_rag,legitimate,phishing,0.7,"phishing,legitimate","20895,8534"
1931,linguistic_technical_rag,legitimate,legitimate,0.95,"phishing,legitimate","28974,24689"
20557,linguistic_technical_rag,phishing,legitimate,0.95,"phishing,legitimate","29080,8527"
12371,linguistic_technical_rag,legitimate,phishing,0.8,"phishing,legitimate","19898,8334"
17142,linguistic_technical_rag,legitimate,phishing,0.85,phishing,19814
28406,linguistic_technical_rag,phishing,phishing,0.75,"phishing,legitimate","28902,24759"
15672,linguistic_technical_rag,phishing,phishing,0.85,"phishing,legitimate","27063,7700"
11989,linguistic_technical_rag,legitimate,legitimate,0.95,"phishing,legitimate","14418,21540"
17021,linguistic_technical_rag,legitimate,phishing,0.75,phishing,28396
29279,linguistic_technical_rag,phishing,phishing,0.85,"phishing,legitimate","23254,1304"
378,linguistic_technical_rag,legitimate,phishing,0.85,"phishing,legitimate","27090,267"
10706,linguistic_technical_rag,legitimate,phishing,0.75,"phishing,legitimate","15665,1696"
24706,linguistic_technical_rag,legitimate,phishing,0.85,"phishing,legitimate","9483,1966"
12149,linguistic_technical_rag,legitimate,phishing,0.8,"phishing,legitimate","22539,12109"
27958,linguistic_technical_rag,phishing,phishing,0.85,"phishing,legitimate","26768,25502"
20594,linguistic_technical_rag,phishing,phishing,0.85,"phishing,legitimate","28657,12083"
3023,linguistic_technical_rag,legitimate,legitimate,0.95,"phishing,legitimate","3618,1367"
15735,linguistic_technical_rag,phishing,phishing,0.8,"phishing,legitimate","28902,11312"
248,linguistic_technical_rag,legitimate,phishing,0.75,phishing,18342
14270,linguistic_technical_rag,legitimate,legitimate,0.95,"phishing,legitimate","29096,14186"
15220,linguistic_technical_rag,phishing,phishing,0.85,"phishing,legitimate","26733,13979"
21490,linguistic_technical_rag,legitimate,legitimate,0.95,"phishing,legitimate","23101,8971"
16056,linguistic_technical_rag,legitimate,phishing,0.8,phishing,19814
17947,linguistic_technical_rag,phishing,legitimate,0.95,"phishing,legitimate","24225,12923"
13472,linguistic_technical_rag,legitimate,legitimate,0.9,"phishing,legitimate","27726,13467"
5199,linguistic_technical_rag,legitimate,legitimate,0.95,"phishing,legitimate","4511,5229"
24661,linguistic_technical_rag,legitimate,legitimate,0.95,"phishing,legitimate","10165,7219"
2033,linguistic_technical_rag,legitimate,phishing,0.8,"phishing,legitimate","9901,2062"
7900,linguistic_technical_rag,legitimate,legitimate,0.95,"phishing,legitimate","4226,8335"
2945,linguistic_technical_rag,legitimate,legitimate,0.95,"phishing,legitimate","17929,2466"
18768,linguistic_technical_rag,phishing,legitimate,0.95,"phishing,legitimate","9199,5474"
27783,linguistic_technical_rag,phishing,phishing,0.85,"phishing,legitimate","28026,26038"
5516,linguistic_technical_rag,legitimate,legitimate,0.95,"phishing,legitimate","4511,5701"
703,linguistic_technical_rag,legitimate,legitimate,0.95,"phishing,legitimate","17929,732"
10076,linguistic_technical_rag,phishing,phishing,0.8,"phishing,legitimate","20972,2480"
7157,linguistic_technical_rag,legitimate,phishing,0.8,"phishing,legitimate","29421,25189"
24009,linguistic_technical_rag,phishing,phishing,0.85,"phishing,legitimate","24559,3209"
15953,linguistic_technical_rag,legitimate,phishing,0.75,phishing,28396
12632,linguistic_technical_rag,legitimate,legitimate,0.85,"phishing,legitimate","28702,14005"
4683,linguistic_technical_rag,phishing,phishing,0.85,"phishing,legitimate","15433,2522"
9301,linguistic_technical_rag,phishing,phishing,0.85,"phishing,legitimate","24551,7688"
28101,linguistic_technical_rag,phishing,phishing,0.85,"phishing,legitimate","3761,8507"
27807,linguistic_technical_rag,phishing,phishing,0.85,"phishing,legitimate","19340,6851"
6050,linguistic_technical_rag,legitimate,legitimate,0.95,"phishing,legitimate","9901,6053"
1786,linguistic_technical_rag,legitimate,phishing,0.75,"phishing,legitimate","4511,1769"
25216,linguistic_technical_rag,legitimate,legitimate,0.95,"phishing,legitimate","20120,16662"
26401,linguistic_technical_rag,phishing,phishing,0.85,"phishing,legitimate","19670,1"
21434,linguistic_technical_rag,legitimate,phishing,0.8,"phishing,legitimate","14920,21578"
8403,linguistic_technical_rag,legitimate,phishing,0.85,"phishing,legitimate","18694,7867"
11461,linguistic_technical_rag,legitimate,legitimate,0.85,"phishing,legitimate","4511,14124"
3722,linguistic_technical_rag,phishing,phishing,0.8,"phishing,legitimate","10068,1697"
526,linguistic_technical_rag,legitimate,phishing,0.85,phishing,27090
24705,linguistic_technical_rag,legitimate,legitimate,0.95,"phishing,legitimate","19734,25213"
3052,linguistic_technical_rag,legitimate,legitimate,0.95,"phishing,legitimate","17929,2933"
7711,linguistic_technical_rag,legitimate,legitimate,0.85,"phishing,legitimate","27809,3104"
29253,linguistic_technical_rag,phishing,phishing,0.85,"phishing,legitimate","27646,1657"
28894,linguistic_technical_rag,phishing,phishing,0.85,"phishing,legitimate","15684,13840"
8026,linguistic_technical_rag,legitimate,legitimate,0.95,"phishing,legitimate","10085,11440"
24188,linguistic_technical_rag,phishing,phishing,0.85,"phishing,legitimate","14408,22341"
28682,linguistic_technical_rag,phishing,phishing,0.85,"phishing,legitimate","28903,2014"
7203,linguistic_technical_rag,legitimate,legitimate,0.85,"phishing,legitimate","28186,24888"
29740,linguistic_technical_rag,phishing,phishing,0.85,"phishing,legitimate","20120,12376"
2217,linguistic_technical_rag,legitimate,legitimate,0.95,"phishing,legitimate","20183,1362"
12084,linguistic_technical_rag,legitimate,legitimate,0.95,"phishing,legitimate","17929,2248"
15440,linguistic_technical_rag,phishing,phishing,0.8,"phishing,legitimate","15466,8338"
24818,linguistic_technical_rag,legitimate,phishing,0.85,"phishing,legitimate","17335,24698"
15165,linguistic_technical_rag,phishing,phishing,0.85,"phishing,legitimate","15248,6347"
11899,linguistic_technical_rag,legitimate,legitimate,0.95,"phishing,legitimate","18072,16346"
18959,linguistic_technical_rag,phishing,phishing,0.75,"phishing,legitimate","27915,7939"
29437,linguistic_technical_rag,phishing,phishing,0.85,"phishing,legitimate","29399,6347"
4906,linguistic_technical_rag,legitimate,legitimate,0.95,"phishing,legitimate","29554,6603"
20102,linguistic_technical_rag,phishing,phishing,0.85,"phishing,legitimate","17409,25081"
10141,linguistic_technical_rag,phishing,phishing,0.8,"phishing,legitimate","9380,25252"
560,linguistic_technical_rag,legitimate,legitimate,0.95,"phishing,legitimate","18342,518"
25946,linguistic_technical_rag,legitimate,legitimate,0.95,"phishing,legitimate","29475,5838"
20477,linguistic_technical_rag,phishing,phishing,0.85,"phishing,legitimate","15292,6616"
26378,linguistic_technical_rag,phishing,phishing,0.85,"phishing,legitimate","26768,15828"
24480,linguistic_technical_rag,phishing,phishing,0.7,"phishing,legitimate","27227,11427"
3171,linguistic_technical_rag,legitimate,legitimate,0.95,"phishing,legitimate","20183,3030"
16809,linguistic_technical_rag,legitimate,legitimate,0.9,"phishing,legitimate","22975,16601"
15376,linguistic_technical_rag,phishing,phishing,0.8,"phishing,legitimate","9226,12139"
5896,linguistic_technical_rag,legitimate,legitimate,0.75,"phishing,legitimate","23952,5975"
25791,linguistic_technical_rag,legitimate,legitimate,0.95,"phishing,legitimate","20120,12639"
6569,linguistic_technical_rag,legitimate,phishing,0.8,"phishing,legitimate","19966,21173"
28295,linguistic_technical_rag,phishing,phishing,0.85,"phishing,legitimate","4483,7688"
7480,linguistic_technical_rag,legitimate,legitimate,0.85,"phishing,legitimate","29460,7465"
26715,linguistic_technical_rag,phishing,phishing,0.85,"phishing,legitimate","28457,7700"
24056,linguistic_technical_rag,phishing,phishing,0.8,"phishing,legitimate","18831,2522"
2839,linguistic_technical_rag,legitimate,legitimate,0.95,"phishing,legitimate","26858,3436"
3714,linguistic_technical_rag,phishing,phishing,0.8,"phishing,legitimate","23719,6258"
1536,linguistic_technical_rag,legitimate,legitimate,0.95,"phishing,legitimate","4511,1523"
3905,linguistic_technical_rag,phishing,phishing,0.8,"phishing,legitimate","19553,164"
12352,linguistic_technical_rag,legitimate,legitimate,0.95,"phishing,legitimate","28388,22010"
23224,linguistic_technical_rag,phishing,phishing,0.85,"phishing,legitimate","18165,13956"
4672,linguistic_technical_rag,phishing,phishing,0.85,"phishing,legitimate","4400,6071"
14361,linguistic_technical_rag,phishing,phishing,0.85,"phishing,legitimate","28825,2358"
5902,linguistic_technical_rag,legitimate,legitimate,0.95,"phishing,legitimate","15637,5611"
29570,linguistic_technical_rag,phishing,phishing,0.85,"phishing,legitimate","28373,1441"
4102,linguistic_technical_rag,phishing,phishing,0.95,"phishing,legitimate","17642,21496"
8597,linguistic_technical_rag,legitimate,legitimate,0.95,"phishing,legitimate","17335,7604"
14496,linguistic_technical_rag,phishing,phishing,0.85,"phishing,legitimate","29077,14208"
13289,linguistic_technical_rag,legitimate,legitimate,0.95,"phishing,legitimate","9901,11607"
5822,linguistic_technical_rag,legitimate,legitimate,0.95,"phishing,legitimate","28974,5838"
23839,linguistic_technical_rag,phishing,phishing,0.85,"phishing,legitimate","22608,13301"
21061,linguistic_technical_rag,phishing,phishing,0.8,"phishing,legitimate","3957,5953"
18911,linguistic_technical_rag,phishing,phishing,0.75,"phishing,legitimate","15292,12602"
15891,linguistic_technical_rag,legitimate,phishing,0.7,phishing,28396
1235,linguistic_technical_rag,legitimate,legitimate,0.95,"phishing,legitimate","28408,2006"
7384,linguistic_technical_rag,legitimate,legitimate,0.95,"phishing,legitimate","28396,5033"
5500,linguistic_technical_rag,legitimate,phishing,0.85,"phishing,legitimate","4511,7634"
29448,linguistic_technical_rag,phishing,phishing,0.75,"phishing,legitimate","26303,13810"
853,linguistic_technical_rag,legitimate,legitimate,0.95,"phishing,legitimate","15195,710"
27312,linguistic_technical_rag,phishing,phishing,0.85,"phishing,legitimate","10059,1696"
28201,linguistic_technical_rag,phishing,phishing,0.8,"phishing,legitimate","23278,6138"
10828,linguistic_technical_rag,legitimate,phishing,0.85,"phishing,legitimate","19898,13605"
6459,linguistic_technical_rag,legitimate,phishing,0.85,"phishing,legitimate","14920,6780"
2445,linguistic_technical_rag,legitimate,legitimate,0.95,"phishing,legitimate","3986,1159"
4464,linguistic_technical_rag,phishing,phishing,0.75,"phishing,legitimate","23532,16201"
12090,linguistic_technical_rag,legitimate,legitimate,0.85,"phishing,legitimate","4511,14128"
3777,linguistic_technical_rag,phishing,phishing,0.8,legitimate,1458
28564,linguistic_technical_rag,phishing,phishing,0.8,"phishing,legitimate","26884,11427"
22481,linguistic_technical_rag,phishing,phishing,0.85,"phishing,legitimate","4617,1696"
17262,linguistic_technical_rag,legitimate,phishing,0.85,phishing,17737
2285,linguistic_technical_rag,legitimate,legitimate,0.95,"phishing,legitimate","19898,1254"
10818,linguistic_technical_rag,legitimate,legitimate,0.95,"phishing,legitimate","27851,6968"
19635,linguistic_technical_rag,phishing,phishing,0.85,"phishing,legitimate","15377,13840"
1949,linguistic_technical_rag,legitimate,legitimate,0.95,"phishing,legitimate","20183,11713"
28112,linguistic_technical_rag,phishing,phishing,0.7,"phishing,legitimate","14490,4945"
5649,linguistic_technical_rag,legitimate,legitimate,0.95,"phishing,legitimate","22633,7375"
12210,linguistic_technical_rag,legitimate,legitimate,0.95,"phishing,legitimate","14689,10924"
23670,linguistic_technical_rag,phishing,phishing,0.75,"phishing,legitimate","23582,12923"
7937,linguistic_technical_rag,legitimate,legitimate,0.95,"phishing,legitimate","10632,5154"
9908,linguistic_technical_rag,phishing,phishing,0.85,"phishing,legitimate","22720,13731"
29508,linguistic_technical_rag,phishing,phishing,0.85,"phishing,legitimate","29619,7561"
12895,linguistic_technical_rag,legitimate,phishing,0.75,"phishing,legitimate","27483,13605"
27832,linguistic_technical_rag,phishing,phishing,0.85,"phishing,legitimate","27088,8527"
5674,linguistic_technical_rag,legitimate,phishing,0.85,"phishing,legitimate","28974,7360"
13215,linguistic_technical_rag,legitimate,legitimate,0.95,"phishing,legitimate","27532,21554"
2990,linguistic_technical_rag,legitimate,legitimate,0.95,"phishing,legitimate","9901,3043"
4213,linguistic_technical_rag,phishing,phishing,0.85,"phishing,legitimate","23290,13840"
7195,linguistic_technical_rag,legitimate,legitimate,0.95,"phishing,legitimate","27090,8705"
15919,linguistic_technical_rag,legitimate,phishing,0.85,phishing,28396
28249,linguistic_technical_rag,phishing,phishing,0.85,"phishing,legitimate","4475,25262"
18675,linguistic_technical_rag,phishing,phishing,0.8,"phishing,legitimate","4066,1003"
22378,linguistic_technical_rag,legitimate,phishing,0.8,"phishing,legitimate","4388,2228"
9598,linguistic_technical_rag,phishing,phishing,0.85,"phishing,legitimate","26294,7700"
11143,linguistic_technical_rag,legitimate,legitimate,0.95,"phishing,legitimate","24225,11011"
15800,linguistic_technical_rag,phishing,phishing,0.85,"phishing,legitimate","15391,13979"
26743,linguistic_technical_rag,phishing,phishing,0.8,"phishing,legitimate","14684,8642"
5435,linguistic_technical_rag,legitimate,legitimate,0.95,"phishing,legitimate","4511,6742"
4854,linguistic_technical_rag,legitimate,legitimate,0.85,"phishing,legitimate","15637,6809"
29214,linguistic_technical_rag,phishing,phishing,0.85,"phishing,legitimate","15590,13605"
15204,linguistic_technical_rag,phishing,phishing,0.85,"phishing,legitimate","23078,15828"
18092,linguistic_technical_rag,phishing,phishing,0.85,"phishing,legitimate","14667,12014"
19643,linguistic_technical_rag,phishing,phishing,0.75,"phishing,legitimate","18332,21589"
16743,linguistic_technical_rag,legitimate,legitimate,0.95,"phishing,legitimate","23782,16193"
1193,linguistic_technical_rag,legitimate,phishing,0.75,"phishing,legitimate","27818,2297"
22635,linguistic_technical_rag,phishing,phishing,0.85,"phishing,legitimate","9641,12441"
28163,linguistic_technical_rag,phishing,phishing,0.85,"phishing,legitimate","26733,2637"
22791,linguistic_technical_rag,phishing,phishing,0.85,"phishing,legitimate","22833,12441"
18270,linguistic_technical_rag,phishing,phishing,0.85,"phishing,legitimate","28288,7739"
8521,linguistic_technical_rag,legitimate,legitimate,0.95,"phishing,legitimate","29096,8527"
16642,linguistic_technical_rag,legitimate,legitimate,0.95,"phishing,legitimate","14617,6526"
26721,linguistic_technical_rag,phishing,phishing,0.85,"phishing,legitimate","15108,11770"
2615,linguistic_technical_rag,legitimate,legitimate,0.95,"phishing,legitimate","20183,3087"
13756,linguistic_technical_rag,legitimate,legitimate,0.95,"phishing,legitimate","23251,13618"
23206,linguistic_technical_rag,phishing,phishing,0.8,"phishing,legitimate","23812,13135"
14447,linguistic_technical_rag,phishing,phishing,0.7,"phishing,legitimate","28110,21559"
24599,linguistic_technical_rag,phishing,phishing,0.85,"phishing,legitimate","19014,7739"
8865,linguistic_technical_rag,legitimate,phishing,0.85,"phishing,legitimate","23782,8851"
7142,linguistic_technical_rag,legitimate,legitimate,0.95,"phishing,legitimate","23101,8926"
8678,linguistic_technical_rag,legitimate,legitimate,0.95,"phishing,legitimate","17667,5683"
12913,linguistic_technical_rag,legitimate,legitimate,0.95,"phishing,legitimate","3781,12894"
25447,linguistic_technical_rag,legitimate,legitimate,0.95,"phishing,legitimate","29354,34"
13178,linguistic_technical_rag,legitimate,legitimate,0.95,"phishing,legitimate","24138,8945"
23506,linguistic_technical_rag,phishing,phishing,0.85,"phishing,legitimate","24016,1647"
20623,linguistic_technical_rag,phishing,phishing,0.8,"phishing,legitimate","26758,8527"
8243,linguistic_technical_rag,legitimate,legitimate,0.85,"phishing,legitimate","14835,6374"
547,linguistic_technical_rag,legitimate,phishing,0.85,phishing,19079
3282,linguistic_technical_rag,legitimate,legitimate,0.95,"phishing,legitimate","23913,11011"
8328,linguistic_technical_rag,legitimate,legitimate,0.95,"phishing,legitimate","14920,7215"
4024,linguistic_technical_rag,phishing,phishing,0.8,"phishing,legitimate","15555,13810"
15611,linguistic_technical_rag,phishing,phishing,0.85,"phishing,legitimate","15590,22283"
24784,linguistic_technical_rag,legitimate,phishing,0.8,"phishing,legitimate","20183,24915"
23551,linguistic_technical_rag,phishing,phishing,0.85,"phishing,legitimate","23552,12014"
13566,linguistic_technical_rag,legitimate,legitimate,0.95,"phishing,legitimate","26125,10951"
23542,linguistic_technical_rag,phishing,phishing,0.85,legitimate,8507
20647,linguistic_technical_rag,phishing,phishing,0.8,"phishing,legitimate","20255,10994"
26620,linguistic_technical_rag,phishing,phishing,0.85,"phishing,legitimate","22523,5589"
27539,linguistic_technical_rag,phishing,phishing,0.8,"phishing,legitimate","22944,16574"
13767,linguistic_technical_rag,legitimate,legitimate,0.95,"phishing,legitimate","14418,25034"
6072,linguistic_technical_rag,legitimate,legitimate,0.95,"phishing,legitimate","20120,7465"
1969,linguistic_technical_rag,legitimate,legitimate,0.95,"phishing,legitimate","17562,934"
21380,linguistic_technical_rag,legitimate,legitimate,0.95,"phishing,legitimate","17929,3021"
21218,linguistic_technical_rag,legitimate,legitimate,0.95,"phishing,legitimate","14593,2520"
19943,linguistic_technical_rag,phishing,phishing,0.85,"phishing,legitimate","20730,12114"
22609,linguistic_technical_rag,phishing,phishing,0.75,"phishing,legitimate","22720,12274"
5397,linguistic_technical_rag,legitimate,phishing,0.8,"phishing,legitimate","4511,5418"
5711,linguistic_technical_rag,legitimate,legitimate,0.95,"phishing,legitimate","15637,7373"
10946,linguistic_technical_rag,legitimate,legitimate,0.95,"phishing,legitimate","27533,11688"
19080,linguistic_technical_rag,phishing,phishing,0.85,"phishing,legitimate","20603,6696"
23667,linguistic_technical_rag,phishing,phishing,0.85,"phishing,legitimate","24606,21589"
18471,linguistic_technical_rag,phishing,phishing,0.85,"phishing,legitimate","18620,2539"
20479,linguistic_technical_rag,phishing,phishing,0.75,"phishing,legitimate","23078,1805"
19335,linguistic_technical_rag,phishing,phishing,0.8,"phishing,legitimate","23114,1011"
10247,linguistic_technical_rag,phishing,phishing,0.85,"phishing,legitimate","10304,21830"
8811,linguistic_technical_rag,legitimate,legitimate,0.95,"phishing,legitimate","28388,6216"
8819,linguistic_technical_rag,legitimate,phishing,0.85,"phishing,legitimate","9966,6428"
7682,linguistic_technical_rag,legitimate,legitimate,0.95,"phishing,legitimate","4511,6963"
3344,linguistic_technical_rag,legitimate,phishing,0.8,"phishing,legitimate","17929,8735"
6755,linguistic_technical_rag,legitimate,legitimate,0.95,"phishing,legitimate","23952,4861"
23845,linguistic_technical_rag,phishing,phishing,0.8,legitimate,3490
19085,linguistic_technical_rag,phishing,phishing,0.85,"phishing,legitimate","19668,1769"
9254,linguistic_technical_rag,phishing,phishing,0.85,"phishing,legitimate","22958,8581"
21667,linguistic_technical_rag,legitimate,legitimate,0.95,"phishing,legitimate","9587,21745"
9773,linguistic_technical_rag,phishing,phishing,0.85,"phishing,legitimate","9369,26024"
2150,linguistic_technical_rag,legitimate,legitimate,0.95,"phishing,legitimate","20387,934"
21932,linguistic_technical_rag,legitimate,phishing,0.7,"phishing,legitimate","26858,7854"
14334,linguistic_technical_rag,legitimate,phishing,0.75,"phishing,legitimate","26049,14098"
8689,linguistic_technical_rag,legitimate,legitimate,0.95,"phishing,legitimate","15703,5554"
18530,linguistic_technical_rag,phishing,legitimate,0.95,"phishing,legitimate","28043,6243"
3997,linguistic_technical_rag,phishing,phishing,0.85,"phishing,legitimate","18842,6087"
12886,linguistic_technical_rag,legitimate,legitimate,0.95,"phishing,legitimate","15637,12927"
27303,linguistic_technical_rag,phishing,phishing,0.85,"phishing,legitimate","15650,13017"
28970,linguistic_technical_rag,phishing,phishing,0.8,"phishing,legitimate","28047,25262"
14692,linguistic_technical_rag,phishing,phishing,0.75,"phishing,legitimate","17726,16585"
28679,linguistic_technical_rag,phishing,phishing,0.85,"phishing,legitimate","9360,13810"
16026,linguistic_technical_rag,legitimate,phishing,0.7,phishing,28396
26548,linguistic_technical_rag,phishing,phishing,0.85,"phishing,legitimate","28903,2014"
16982,linguistic_technical_rag,legitimate,phishing,0.8,phishing,28396
17015,linguistic_technical_rag,legitimate,phishing,0.85,phishing,28396
20269,linguistic_technical_rag,phishing,phishing,0.8,"phishing,legitimate","19977,8338"
16326,linguistic_technical_rag,legitimate,legitimate,0.95,"phishing,legitimate","27171,16711"
4114,linguistic_technical_rag,phishing,phishing,0.75,"phishing,legitimate","18372,24867"
4707,linguistic_technical_rag,phishing,phishing,0.85,"phishing,legitimate","18895,25883"
16092,linguistic_technical_rag,legitimate,phishing,0.85,phishing,28396
10863,linguistic_technical_rag,legitimate,legitimate,0.85,"phishing,legitimate","29096,10839"
8323,linguistic_technical_rag,legitimate,legitimate,0.95,"phishing,legitimate","26049,8900"
1048,linguistic_technical_rag,legitimate,phishing,0.75,"phishing,legitimate","20387,22344"
7536,linguistic_technical_rag,legitimate,legitimate,0.95,"phishing,legitimate","27533,25762"
3647,linguistic_technical_rag,phishing,phishing,0.85,"phishing,legitimate","15555,12014"
27275,linguistic_technical_rag,phishing,phishing,0.85,"phishing,legitimate","23160,6308"
19932,linguistic_technical_rag,phishing,legitimate,0.95,"phishing,legitimate","10439,24867"
5599,linguistic_technical_rag,legitimate,legitimate,0.95,"phishing,legitimate","29438,5614"
23938,linguistic_technical_rag,phishing,phishing,0.8,"phishing,legitimate","24380,14189"
20817,linguistic_technical_rag,phishing,phishing,0.85,"phishing,legitimate","27416,1011"
22229,linguistic_technical_rag,legitimate,legitimate,0.95,"phishing,legitimate","23456,22220"
29758,linguistic_technical_rag,phishing,phishing,0.8,"phishing,legitimate","24586,10648"
5279,linguistic_technical_rag,legitimate,legitimate,0.95,"phishing,legitimate","18993,5474"
2320,linguistic_technical_rag,legitimate,legitimate,0.95,"phishing,legitimate","17929,8155"
17944,linguistic_technical_rag,phishing,legitimate,0.95,"phishing,legitimate","19512,12832"
29249,linguistic_technical_rag,phishing,phishing,0.85,"phishing,legitimate","27350,4978"
9356,linguistic_technical_rag,phishing,phishing,0.85,"phishing,legitimate","9213,8339"
18481,linguistic_technical_rag,phishing,phishing,0.85,"phishing,legitimate","26528,1295"
7430,linguistic_technical_rag,legitimate,legitimate,0.85,"phishing,legitimate","4511,7457"
14274,linguistic_technical_rag,legitimate,legitimate,0.95,"phishing,legitimate","17737,10792"
681,linguistic_technical_rag,legitimate,phishing,0.7,"phishing,legitimate","20183,748"
29505,linguistic_technical_rag,phishing,phishing,0.8,"phishing,legitimate","14758,25081"
26460,linguistic_technical_rag,phishing,phishing,0.85,"phishing,legitimate","22590,10940"
132,linguistic_technical_rag,legitimate,phishing,0.75,"phishing,legitimate","9483,1966"
20001,linguistic_technical_rag,phishing,phishing,0.85,"phishing,legitimate","28903,710"
17286,linguistic_technical_rag,legitimate,phishing,0.8,phishing,27621
2013,linguistic_technical_rag,legitimate,legitimate,0.95,"phishing,legitimate","19758,1279"
15129,linguistic_technical_rag,phishing,phishing,0.75,"phishing,legitimate","28622,22291"
13609,linguistic_technical_rag,legitimate,legitimate,0.95,"phishing,legitimate","19030,1303"
21595,linguistic_technical_rag,legitimate,legitimate,0.95,"phishing,legitimate","22569,1696"
27236,linguistic_technical_rag,phishing,phishing,0.85,"phishing,legitimate","22519,1556"
13992,linguistic_technical_rag,legitimate,legitimate,0.85,"phishing,legitimate","20372,14005"
13421,linguistic_technical_rag,legitimate,legitimate,0.95,"phishing,legitimate","15682,8735"
3193,linguistic_technical_rag,legitimate,legitimate,0.95,"phishing,legitimate","20895,12008"
28297,linguistic_technical_rag,phishing,legitimate,0.95,"phishing,legitimate","26235,7561"
10662,linguistic_technical_rag,legitimate,legitimate,0.95,"phishing,legitimate","14418,11414"
15947,linguistic_technical_rag,legitimate,phishing,0.85,phishing,19814
26484,linguistic_technical_rag,phishing,phishing,0.85,"phishing,legitimate","26395,12014"
1493,linguistic_technical_rag,legitimate,legitimate,0.95,"phishing,legitimate","28736,3177"
4505,linguistic_technical_rag,phishing,phishing,0.85,"phishing,legitimate","17861,25457"
5913,linguistic_technical_rag,legitimate,legitimate,0.95,"phishing,legitimate","24336,5925"
11927,linguistic_technical_rag,legitimate,legitimate,0.95,"phishing,legitimate","24336,5142"
15539,linguistic_technical_rag,phishing,phishing,0.8,"phishing,legitimate","20549,2637"
29283,linguistic_technical_rag,phishing,phishing,0.75,"phishing,legitimate","20182,6071"
26947,linguistic_technical_rag,phishing,phishing,0.85,"phishing,legitimate","4693,11713"
17366,linguistic_technical_rag,phishing,phishing,0.85,"phishing,legitimate","18017,1696"
2804,linguistic_technical_rag,legitimate,legitimate,0.95,"phishing,legitimate","27533,977"
17027,linguistic_technical_rag,legitimate,phishing,0.75,phishing,28396
7211,linguistic_technical_rag,legitimate,phishing,0.8,"phishing,legitimate","19318,6887"
8763,linguistic_technical_rag,legitimate,legitimate,0.95,"phishing,legitimate","9901,5701"
20954,linguistic_technical_rag,phishing,phishing,0.85,"phishing,legitimate","20865,13439"
517,linguistic_technical_rag,legitimate,phishing,0.7,phishing,27090
19212,linguistic_technical_rag,phishing,phishing,0.85,"phishing,legitimate","17900,7939"
16565,linguistic_technical_rag,legitimate,legitimate,0.95,"phishing,legitimate","14338,8383"
5144,linguistic_technical_rag,legitimate,legitimate,0.95,"phishing,legitimate","4511,21745"
24096,linguistic_technical_rag,phishing,phishing,0.8,"phishing,legitimate","24005,12014"
2563,linguistic_technical_rag,legitimate,legitimate,0.9,"phishing,legitimate","20183,701"
20830,linguistic_technical_rag,phishing,phishing,0.7,"phishing,legitimate","27064,6341"
8347,linguistic_technical_rag,legitimate,phishing,0.8,"phishing,legitimate","26347,7984"
20608,linguistic_technical_rag,phishing,phishing,0.85,"phishing,legitimate","23648,16126"
8078,linguistic_technical_rag,legitimate,phishing,0.8,"phishing,legitimate","29611,6692"
29744,linguistic_technical_rag,phishing,phishing,0.85,"phishing,legitimate","19556,22220"
29668,linguistic_technical_rag,phishing,phishing,0.85,"phishing,legitimate","20585,1823"
14035,linguistic_technical_rag,legitimate,phishing,0.85,"phishing,legitimate","27192,13872"
4668,linguistic_technical_rag,phishing,phishing,0.85,"phishing,legitimate","3755,6323"
10465,linguistic_technical_rag,phishing,phishing,0.8,"phishing,legitimate","15421,7688"
24092,linguistic_technical_rag,phishing,phishing,0.85,"phishing,legitimate","10374,24647"
24619,linguistic_technical_rag,legitimate,legitimate,0.95,"phishing,legitimate","27533,2418"
26170,linguistic_technical_rag,phishing,phishing,0.8,"phishing,legitimate","27970,12014"
22031,linguistic_technical_rag,legitimate,legitimate,0.95,"phishing,legitimate","4511,7338"
12910,linguistic_technical_rag,legitimate,legitimate,0.85,"phishing,legitimate","4423,14098"
27542,linguistic_technical_rag,phishing,phishing,0.75,"phishing,legitimate","14848,21830"
28402,linguistic_technical_rag,phishing,phishing,0.85,"phishing,legitimate","26908,21301"
27089,linguistic_technical_rag,phishing,phishing,0.75,"phishing,legitimate","23923,13581"
3017,linguistic_technical_rag,legitimate,legitimate,0.95,"phishing,legitimate","14664,16193"
4896,linguistic_technical_rag,legitimate,legitimate,0.95,"phishing,legitimate","27487,11712"
25544,linguistic_technical_rag,legitimate,phishing,0.8,"phishing,legitimate","9372,25140"
9051,linguistic_technical_rag,legitimate,phishing,0.75,"phishing,legitimate","4511,21183"
22268,linguistic_technical_rag,legitimate,phishing,0.8,"phishing,legitimate","19734,13014"
8173,linguistic_technical_rag,legitimate,legitimate,0.95,"phishing,legitimate","26874,7966"
24388,linguistic_technical_rag,phishing,legitimate,0.95,"phishing,legitimate","20770,21178"
26156,linguistic_technical_rag,phishing,phishing,0.85,"phishing,legitimate","20355,6231"
27680,linguistic_technical_rag,phishing,phishing,0.85,"phishing,legitimate","14768,11427"
29146,linguistic_technical_rag,phishing,phishing,0.85,"phishing,legitimate","3738,25172"
12711,linguistic_technical_rag,legitimate,legitimate,0.95,"phishing,legitimate","27851,12719"
10095,linguistic_technical_rag,phishing,phishing,0.75,"phishing,legitimate","29080,8527"
15557,linguistic_technical_rag,phishing,phishing,0.85,"phishing,legitimate","20620,22174"
19499,linguistic_technical_rag,phishing,phishing,0.8,"phishing,legitimate","4021,2480"
17425,linguistic_technical_rag,phishing,phishing,0.85,"phishing,legitimate","29427,8507"
14251,linguistic_technical_rag,legitimate,legitimate,0.95,"phishing,legitimate","22608,14124"
10779,linguistic_technical_rag,legitimate,phishing,0.85,"phishing,legitimate","18557,25608"
10102,linguistic_technical_rag,phishing,phishing,0.8,"phishing,legitimate","20120,12891"
1034,linguistic_technical_rag,legitimate,legitimate,0.95,"phishing,legitimate","17737,2058"
16272,linguistic_technical_rag,legitimate,legitimate,0.95,"phishing,legitimate","23101,16447"
5324,linguistic_technical_rag,legitimate,legitimate,0.95,"phishing,legitimate","4802,5328"
5597,linguistic_technical_rag,legitimate,legitimate,0.95,"phishing,legitimate","17737,14098"
17744,linguistic_technical_rag,phishing,phishing,0.75,"phishing,legitimate","18393,26031"
14559,linguistic_technical_rag,phishing,phishing,0.85,"phishing,legitimate","23828,13135"
12203,linguistic_technical_rag,legitimate,phishing,0.85,"phishing,legitimate","18017,11860"
14772,linguistic_technical_rag,phishing,phishing,0.85,"phishing,legitimate","27007,13663"
6514,linguistic_technical_rag,legitimate,legitimate,0.95,"phishing,legitimate","14920,4949"
24751,linguistic_technical_rag,legitimate,phishing,0.75,"phishing,legitimate","24363,24743"
2807,linguistic_technical_rag,legitimate,legitimate,0.95,"phishing,legitimate","17929,8155"
16731,linguistic_technical_rag,legitimate,phishing,0.8,"phishing,legitimate","18288,8968"
9703,linguistic_technical_rag,phishing,phishing,0.85,legitimate,8507
25048,linguistic_technical_rag,legitimate,legitimate,0.85,"phishing,legitimate","27809,25034"
28857,linguistic_technical_rag,phishing,phishing,0.85,"phishing,legitimate","15701,21411"
15638,linguistic_technical_rag,phishing,phishing,0.85,"phishing,legitimate","15555,7939"
3579,linguistic_technical_rag,phishing,phishing,0.85,"phishing,legitimate","26338,12309"
27150,linguistic_technical_rag,phishing,phishing,0.8,"phishing,legitimate","29375,8527"
28121,linguistic_technical_rag,phishing,phishing,0.8,"phishing,legitimate","28085,25883"
8556,linguistic_technical_rag,legitimate,phishing,0.85,"phishing,legitimate","24121,25123"
28180,linguistic_technical_rag,phishing,phishing,0.85,"phishing,legitimate","28026,7317"
25683,linguistic_technical_rag,legitimate,legitimate,0.95,"phishing,legitimate","4787,24872"
17104,linguistic_technical_rag,legitimate,phishing,0.85,phishing,19814
12296,linguistic_technical_rag,legitimate,phishing,0.7,"phishing,legitimate","3986,12318"
22869,linguistic_technical_rag,phishing,phishing,0.85,"phishing,legitimate","22608,12753"
25553,linguistic_technical_rag,legitimate,phishing,0.85,"phishing,legitimate","28206,9089"
27470,linguistic_technical_rag,phishing,phishing,0.85,"phishing,legitimate","26592,13836"
8653,linguistic_technical_rag,legitimate,legitimate,0.95,"phishing,legitimate","29354,8655"
19396,linguistic_technical_rag,phishing,phishing,0.8,"phishing,legitimate","3761,8507"
25842,linguistic_technical_rag,legitimate,legitimate,0.95,"phishing,legitimate","20183,25167"
20697,linguistic_technical_rag,phishing,phishing,0.85,"phishing,legitimate","23923,6323"
17590,linguistic_technical_rag,phishing,phishing,0.8,"phishing,legitimate","19075,1820"
709,linguistic_technical_rag,legitimate,legitimate,0.95,"phishing,legitimate","28142,716"
7402,linguistic_technical_rag,legitimate,legitimate,0.85,"phishing,legitimate","4511,7492"
19031,linguistic_technical_rag,phishing,phishing,0.85,"phishing,legitimate","22474,12376"
16620,linguistic_technical_rag,legitimate,legitimate,0.95,"phishing,legitimate","15369,8945"
24992,linguistic_technical_rag,legitimate,legitimate,0.95,"phishing,legitimate","9483,24699"
10173,linguistic_technical_rag,phishing,phishing,0.7,"phishing,legitimate","23982,6323"
14238,linguistic_technical_rag,legitimate,phishing,0.75,"phishing,legitimate","15637,21865"
20264,linguistic_technical_rag,phishing,phishing,0.8,"phishing,legitimate","17391,6387"
4210,linguistic_technical_rag,phishing,phishing,0.85,"phishing,legitimate","18332,6071"
16373,linguistic_technical_rag,legitimate,legitimate,0.95,"phishing,legitimate","17737,16126"
24768,linguistic_technical_rag,legitimate,phishing,0.85,"phishing,legitimate","28974,24915"
10158,linguistic_technical_rag,phishing,phishing,0.7,"phishing,legitimate","10502,22169"
10386,linguistic_technical_rag,phishing,phishing,0.75,"phishing,legitimate","10439,1441"
20045,linguistic_technical_rag,phishing,phishing,0.85,"phishing,legitimate","19282,8527"
6121,linguistic_technical_rag,legitimate,legitimate,0.95,"phishing,legitimate","28967,16662"
22362,linguistic_technical_rag,legitimate,legitimate,0.95,"phishing,legitimate","17929,3311"
11216,linguistic_technical_rag,legitimate,legitimate,0.95,"phishing,legitimate","26049,12008"
18861,linguistic_technical_rag,phishing,phishing,0.85,"phishing,legitimate","20972,2868"
8024,linguistic_technical_rag,legitimate,legitimate,0.95,"phishing,legitimate","4511,7996"
7259,linguistic_technical_rag,legitimate,legitimate,0.95,"phishing,legitimate","4511,7368"
25372,linguistic_technical_rag,legitimate,legitimate,0.95,"phishing,legitimate","28974,1163"
21372,linguistic_technical_rag,legitimate,legitimate,0.95,"phishing,legitimate","17737,25873"
19578,linguistic_technical_rag,phishing,phishing,0.85,"phishing,legitimate","14844,7939"
7804,linguistic_technical_rag,legitimate,legitimate,0.95,"phishing,legitimate","18931,7617"
9834,linguistic_technical_rag,phishing,phishing,0.7,"phishing,legitimate","24180,16256"
22071,linguistic_technical_rag,legitimate,legitimate,0.95,"phishing,legitimate","29354,2228"
5248,linguistic_technical_rag,legitimate,phishing,0.85,"phishing,legitimate","4511,5269"
11955,linguistic_technical_rag,legitimate,phishing,0.8,"phishing,legitimate","15718,12916"
4440,linguistic_technical_rag,phishing,phishing,0.8,"phishing,legitimate","20692,10986"
8091,linguistic_technical_rag,legitimate,phishing,0.85,"phishing,legitimate","26125,8935"
8897,linguistic_technical_rag,legitimate,phishing,0.8,"phishing,legitimate","29475,5095"
10178,linguistic_technical_rag,phishing,phishing,0.7,"phishing,legitimate","24058,1820"
21709,linguistic_technical_rag,legitimate,legitimate,0.95,"phishing,legitimate","29472,21992"
2524,linguistic_technical_rag,legitimate,phishing,0.85,"phishing,legitimate","19898,2516"
15768,linguistic_technical_rag,phishing,phishing,0.85,"phishing,legitimate","29144,10769"
26648,linguistic_technical_rag,phishing,phishing,0.85,"phishing,legitimate","17612,16582"
27837,linguistic_technical_rag,phishing,phishing,0.8,"phishing,legitimate","19779,6408"
19072,linguistic_technical_rag,phishing,phishing,0.8,"phishing,legitimate","15149,6142"
28243,linguistic_technical_rag,phishing,phishing,0.8,"phishing,legitimate","3888,1017"
11700,linguistic_technical_rag,legitimate,phishing,0.8,"phishing,legitimate","29475,6696"
28114,linguistic_technical_rag,phishing,phishing,0.85,"phishing,legitimate","15660,25310"
4190,linguistic_technical_rag,phishing,phishing,0.8,"phishing,legitimate","14950,8337"
13784,linguistic_technical_rag,legitimate,phishing,0.8,"phishing,legitimate","4388,13711"
167,linguistic_technical_rag,legitimate,phishing,0.85,phishing,19079
18178,linguistic_technical_rag,phishing,phishing,0.85,"phishing,legitimate","22958,273"
22241,linguistic_technical_rag,legitimate,legitimate,0.95,"phishing,legitimate","14418,12054"
26186,linguistic_technical_rag,phishing,phishing,0.8,"phishing,legitimate","27139,21217"
27546,linguistic_technical_rag,phishing,phishing,0.85,"phishing,legitimate","20967,1820"
4656,linguistic_technical_rag,phishing,legitimate,0.95,"phishing,legitimate","27022,13514"
22,linguistic_technical_rag,legitimate,phishing,0.7,phishing,27090
28505,linguistic_technical_rag,phishing,phishing,0.8,"phishing,legitimate","14377,764"
11322,linguistic_technical_rag,legitimate,legitimate,0.95,"phishing,legitimate","10640,21562"
18489,linguistic_technical_rag,phishing,phishing,0.85,"phishing,legitimate","28626,13637"
23816,linguistic_technical_rag,phishing,phishing,0.85,"phishing,legitimate","15466,7095"
119,linguistic_technical_rag,legitimate,phishing,0.8,"phishing,legitimate","27090,568"
20481,linguistic_technical_rag,phishing,phishing,0.7,"phishing,legitimate","27776,21706"
25253,linguistic_technical_rag,legitimate,legitimate,0.95,"phishing,legitimate","28277,21540"
22840,linguistic_technical_rag,phishing,phishing,0.85,"phishing,legitimate","23161,5394"
100,linguistic_technical_rag,legitimate,phishing,0.8,"phishing,legitimate","27090,456"
22834,linguistic_technical_rag,phishing,phishing,0.85,"phishing,legitimate","26386,6258"
13096,linguistic_technical_rag,legitimate,phishing,0.85,"phishing,legitimate","4423,1738"
14652,linguistic_technical_rag,phishing,phishing,0.8,"phishing,legitimate","27191,1295"
7381,linguistic_technical_rag,legitimate,legitimate,0.95,"phishing,legitimate","4511,7375"
774,linguistic_technical_rag,legitimate,legitimate,0.95,"phishing,legitimate","27809,2209"
26381,linguistic_technical_rag,phishing,legitimate,0.95,"phishing,legitimate","10289,12034"
18711,linguistic_technical_rag,phishing,phishing,0.85,"phishing,legitimate","9318,1647"
4136,linguistic_technical_rag,phishing,phishing,0.85,"phishing,legitimate","14418,13663"
2727,linguistic_technical_rag,legitimate,phishing,0.8,"phishing,legitimate","4787,2851"
19924,linguistic_technical_rag,phishing,phishing,0.85,"phishing,legitimate","15068,1246"
11956,linguistic_technical_rag,legitimate,legitimate,0.95,"phishing,legitimate","18638,7215"
6294,linguistic_technical_rag,legitimate,phishing,0.85,"phishing,legitimate","15248,6347"
28915,linguistic_technical_rag,phishing,phishing,0.85,"phishing,legitimate","28246,1458"
12635,linguistic_technical_rag,legitimate,legitimate,0.95,"phishing,legitimate","15637,22080"
25705,linguistic_technical_rag,legitimate,legitimate,0.95,"phishing,legitimate","15620,24867"
4173,linguistic_technical_rag,phishing,phishing,0.7,"phishing,legitimate","26703,14091"
3675,linguistic_technical_rag,phishing,phishing,0.85,"phishing,legitimate","26306,7688"
20950,linguistic_technical_rag,phishing,phishing,0.85,"phishing,legitimate","19571,13700"
16440,linguistic_technical_rag,legitimate,legitimate,0.95,"phishing,legitimate","19079,16434"
29662,linguistic_technical_rag,phishing,phishing,0.8,"phishing,legitimate","23310,10857"
20283,linguistic_technical_rag,phishing,phishing,0.85,"phishing,legitimate","26645,12014"
9217,linguistic_technical_rag,phishing,phishing,0.85,"phishing,legitimate","10167,6071"
25429,linguistic_technical_rag,legitimate,phishing,0.8,"phishing,legitimate","22661,6127"
22922,linguistic_technical_rag,phishing,phishing,0.85,"phishing,legitimate","4824,21496"
20695,linguistic_technical_rag,phishing,phishing,0.85,"phishing,legitimate","28396,25479"
18936,linguistic_technical_rag,phishing,phishing,0.85,"phishing,legitimate","15701,1191"
28427,linguistic_technical_rag,phishing,phishing,0.8,"phishing,legitimate","20694,14189"
22292,linguistic_technical_rag,legitimate,legitimate,0.95,"phishing,legitimate","15706,22248"
9519,linguistic_technical_rag,phishing,phishing,0.75,"phishing,legitimate","22845,10811"
22964,linguistic_technical_rag,phishing,phishing,0.8,"phishing,legitimate","22633,12172"
5812,linguistic_technical_rag,legitimate,legitimate,0.85,"phishing,legitimate","14562,1286"
20854,linguistic_technical_rag,phishing,phishing,0.85,"phishing,legitimate","19954,6258"
2185,linguistic_technical_rag,legitimate,legitimate,0.85,"phishing,legitimate","27818,845"
21499,linguistic_technical_rag,legitimate,legitimate,0.95,"phishing,legitimate","4853,1297"
20291,linguistic_technical_rag,phishing,phishing,0.8,"phishing,legitimate","19107,289"
29746,linguistic_technical_rag,phishing,phishing,0.8,"phishing,legitimate","28536,25310"
8394,linguistic_technical_rag,legitimate,phishing,0.8,"phishing,legitimate","15665,8623"
22749,linguistic_technical_rag,phishing,legitimate,0.95,"phishing,legitimate","26908,1800"
20322,linguistic_technical_rag,phishing,phishing,0.85,"phishing,legitimate","28273,1696"
1831,linguistic_technical_rag,legitimate,legitimate,0.95,"phishing,legitimate","20992,2637"
25234,linguistic_technical_rag,legitimate,phishing,0.85,"phishing,legitimate","28206,6008"
18950,linguistic_technical_rag,phishing,phishing,0.95,"phishing,legitimate","9647,1769"
3293,linguistic_technical_rag,legitimate,phishing,0.8,"phishing,legitimate","23319,11481"
13551,linguistic_technical_rag,legitimate,legitimate,0.95,"phishing,legitimate","4802,13577"
21604,linguistic_technical_rag,legitimate,legitimate,0.95,"phishing,legitimate","17335,947"
23267,linguistic_technical_rag,phishing,phishing,0.7,"phishing,legitimate","23532,1820"
4155,linguistic_technical_rag,phishing,phishing,0.85,"phishing,legitimate","3616,8692"
18605,linguistic_technical_rag,phishing,phishing,0.8,"phishing,legitimate","15620,8809"
18014,linguistic_technical_rag,phishing,phishing,0.85,"phishing,legitimate","14774,2263"
24015,linguistic_technical_rag,phishing,phishing,0.75,"phishing,legitimate","23209,8507"
25202,linguistic_technical_rag,legitimate,legitimate,0.95,"phishing,legitimate","22608,21578"
16789,linguistic_technical_rag,legitimate,phishing,0.75,"phishing,legitimate","29077,8010"
24697,linguistic_technical_rag,legitimate,legitimate,0.85,"phishing,legitimate","27533,13605"
26247,linguistic_technical_rag,phishing,phishing,0.85,legitimate,25189
4477,linguistic_technical_rag,phishing,phishing,0.85,"phishing,legitimate","28359,16585"
20226,linguistic_technical_rag,phishing,phishing,0.85,"phishing,legitimate","4304,1696"
25223,linguistic_technical_rag,legitimate,legitimate,0.95,"phishing,legitimate","14562,829"
110,linguistic_technical_rag,legitimate,phishing,0.85,"phishing,legitimate","18342,140"
4191,linguistic_technical_rag,phishing,phishing,0.85,"phishing,legitimate","15108,12039"
11709,linguistic_technical_rag,legitimate,legitimate,0.85,"phishing,legitimate","28944,11777"
23637,linguistic_technical_rag,phishing,phishing,0.85,"phishing,legitimate","9382,6071"
6033,linguistic_technical_rag,legitimate,legitimate,0.85,"phishing,legitimate","26146,4936"
17963,linguistic_technical_rag,phishing,legitimate,0.95,"phishing,legitimate","29730,25262"
18418,linguistic_technical_rag,phishing,phishing,0.8,"phishing,legitimate","18264,11713"
18749,linguistic_technical_rag,phishing,phishing,0.8,"phishing,legitimate","10006,6162"
25108,linguistic_technical_rag,legitimate,legitimate,0.95,"phishing,legitimate","17562,25912"
9630,linguistic_technical_rag,phishing,phishing,0.85,"phishing,legitimate","10004,21183"
12311,linguistic_technical_rag,legitimate,legitimate,0.95,"phishing,legitimate","26146,12309"
5006,linguistic_technical_rag,legitimate,phishing,0.85,"phishing,legitimate","19802,4949"
17396,linguistic_technical_rag,phishing,phishing,0.75,"phishing,legitimate","3740,24759"
2897,linguistic_technical_rag,legitimate,phishing,0.85,"phishing,legitimate","28388,1546"
28069,linguistic_technical_rag,phishing,phishing,0.85,"phishing,legitimate","28396,22382"
19604,linguistic_technical_rag,phishing,phishing,0.85,"phishing,legitimate","18306,7700"
637,linguistic_technical_rag,legitimate,legitimate,0.95,"phishing,legitimate","19030,640"
21495,linguistic_technical_rag,legitimate,phishing,0.8,"phishing,legitimate","29132,12945"
27788,linguistic_technical_rag,phishing,phishing,0.8,"phishing,legitimate","27802,609"
25063,linguistic_technical_rag,legitimate,legitimate,0.95,"phishing,legitimate","17929,25021"
2624,linguistic_technical_rag,legitimate,legitimate,0.95,"phishing,legitimate","23782,2569"
19051,linguistic_technical_rag,phishing,phishing,0.85,"phishing,legitimate","4679,6306"
26945,linguistic_technical_rag,phishing,phishing,0.8,"phishing,legitimate","29117,12602"
20619,linguistic_technical_rag,phishing,phishing,0.85,"phishing,legitimate","26768,15828"
13214,linguistic_technical_rag,legitimate,legitimate,0.95,"phishing,legitimate","28236,21554"
15978,linguistic_technical_rag,legitimate,phishing,0.8,phishing,28396
15976,linguistic_technical_rag,legitimate,phishing,0.75,phishing,28396
20649,linguistic_technical_rag,phishing,phishing,0.85,"phishing,legitimate","26232,6693"
24834,linguistic_technical_rag,legitimate,legitimate,0.95,"phishing,legitimate","20183,24962"
1487,linguistic_technical_rag,legitimate,legitimate,0.95,"phishing,legitimate","27851,3209"
16041,linguistic_technical_rag,legitimate,phishing,0.75,phishing,28396
13552,linguistic_technical_rag,legitimate,legitimate,0.95,"phishing,legitimate","4511,13571"
7751,linguistic_technical_rag,legitimate,legitimate,0.95,"phishing,legitimate","4511,5202"
19284,linguistic_technical_rag,phishing,phishing,0.85,"phishing,legitimate","28566,13836"
26931,linguistic_technical_rag,phishing,phishing,0.85,"phishing,legitimate","20071,6258"
16883,linguistic_technical_rag,legitimate,phishing,0.75,phishing,28396
498,linguistic_technical_rag,legitimate,phishing,0.8,phishing,27090
29145,linguistic_technical_rag,phishing,phishing,0.8,"phishing,legitimate","3781,25229"
18650,linguistic_technical_rag,phishing,phishing,0.8,"phishing,legitimate","15292,7561"
9220,linguistic_technical_rag,phishing,phishing,0.85,"phishing,legitimate","23923,3082"
16218,linguistic_technical_rag,legitimate,phishing,0.85,"phishing,legitimate","22975,16133"
17018,linguistic_technical_rag,legitimate,phishing,0.8,phishing,28396
12382,linguistic_technical_rag,legitimate,phishing,0.85,"phishing,legitimate","28206,5340"
11981,linguistic_technical_rag,legitimate,legitimate,0.95,"phishing,legitimate","23251,9052"
26323,linguistic_technical_rag,phishing,phishing,0.85,"phishing,legitimate","26212,26031"
23236,linguistic_technical_rag,phishing,phishing,0.85,"phishing,legitimate","23161,3271"
3613,linguistic_technical_rag,phishing,phishing,0.85,"phishing,legitimate","15389,11309"
15308,linguistic_technical_rag,phishing,phishing,0.85,"phishing,legitimate","26324,7700"
2680,linguistic_technical_rag,legitimate,legitimate,0.95,"phishing,legitimate","14743,10792"
2210,linguistic_technical_rag,legitimate,legitimate,0.95,"phishing,legitimate","28356,2124"
23402,linguistic_technical_rag,phishing,legitimate,0.95,"phishing,legitimate","9269,6308"
17817,linguistic_technical_rag,phishing,phishing,0.85,"phishing,legitimate","14377,1766"
12452,linguistic_technical_rag,legitimate,legitimate,0.95,"phishing,legitimate","9450,21173"
6131,linguistic_technical_rag,legitimate,legitimate,0.85,"phishing,legitimate","4511,6320"
15462,linguistic_technical_rag,phishing,phishing,0.85,"phishing,legitimate","26538,24647"
11819,linguistic_technical_rag,legitimate,legitimate,0.95,"phishing,legitimate","17929,1163"
27002,linguistic_technical_rag,phishing,phishing,0.85,"phishing,legitimate","14758,22341"
28371,linguistic_technical_rag,phishing,phishing,0.85,"phishing,legitimate","28722,24759"
7035,linguistic_technical_rag,legitimate,legitimate,0.95,"phishing,legitimate","19758,8692"
3787,linguistic_technical_rag,phishing,phishing,0.8,"phishing,legitimate","24005,10764"
15268,linguistic_technical_rag,phishing,phishing,0.85,"phishing,legitimate","3574,11538"
29010,linguistic_technical_rag,phishing,phishing,0.85,"phishing,legitimate","3738,6162"
29712,linguistic_technical_rag,phishing,phishing,0.85,"phishing,legitimate","29375,7466"
2880,linguistic_technical_rag,legitimate,legitimate,0.95,"phishing,legitimate","9901,2879"
11609,linguistic_technical_rag,legitimate,legitimate,0.95,"phishing,legitimate","23913,25873"
27359,linguistic_technical_rag,phishing,phishing,0.85,"phishing,legitimate","28998,1805"
5634,linguistic_technical_rag,legitimate,legitimate,0.95,"phishing,legitimate","4511,8733"
3025,linguistic_technical_rag,legitimate,phishing,0.75,"phishing,legitimate","17929,3021"
9690,linguistic_technical_rag,phishing,phishing,0.8,"phishing,legitimate","28826,12014"
27169,linguistic_technical_rag,phishing,phishing,0.85,"phishing,legitimate","28380,759"
2550,linguistic_technical_rag,legitimate,legitimate,0.95,"phishing,legitimate","27915,2572"
28271,linguistic_technical_rag,phishing,phishing,0.85,"phishing,legitimate","17564,7688"
409,linguistic_technical_rag,legitimate,legitimate,0.95,"phishing,legitimate","26064,503"
29031,linguistic_technical_rag,phishing,phishing,0.85,"phishing,legitimate","29148,6885"
26118,linguistic_technical_rag,phishing,phishing,0.85,"phishing,legitimate","4708,11538"
8451,linguistic_technical_rag,legitimate,legitimate,0.85,"phishing,legitimate","26873,6008"
11891,linguistic_technical_rag,legitimate,legitimate,0.95,"phishing,legitimate","10085,6090"
5836,linguistic_technical_rag,legitimate,legitimate,0.95,"phishing,legitimate","14418,10827"
4436,linguistic_technical_rag,phishing,phishing,0.75,"phishing,legitimate","19742,1003"
25025,linguistic_technical_rag,legitimate,phishing,0.8,"phishing,legitimate","4511,25418"
25350,linguistic_technical_rag,legitimate,phishing,0.85,"phishing,legitimate","19734,1738"
22588,linguistic_technical_rag,phishing,phishing,0.85,"phishing,legitimate","23161,6557"
14289,linguistic_technical_rag,legitimate,legitimate,0.95,"phishing,legitimate","10057,14280"
25841,linguistic_technical_rag,legitimate,phishing,0.75,"phishing,legitimate","23078,25257"
11035,linguistic_technical_rag,legitimate,legitimate,0.95,"phishing,legitimate","23782,11047"
8068,linguistic_technical_rag,legitimate,legitimate,0.95,"phishing,legitimate","4511,8060"
27523,linguistic_technical_rag,phishing,phishing,0.8,"phishing,legitimate","26338,12602"
16443,linguistic_technical_rag,legitimate,phishing,0.75,"phishing,legitimate","19734,16126"
11633,linguistic_technical_rag,legitimate,legitimate,0.95,"phishing,legitimate","14617,22085"
25599,linguistic_technical_rag,legitimate,legitimate,0.95,"phishing,legitimate","20183,16741"
26667,linguistic_technical_rag,phishing,phishing,0.85,"phishing,legitimate","3574,3209"
17477,linguistic_technical_rag,phishing,phishing,0.85,"phishing,legitimate","19990,2263"
14227,linguistic_technical_rag,legitimate,legitimate,0.95,"phishing,legitimate","9586,24820"
28096,linguistic_technical_rag,phishing,phishing,0.85,"phishing,legitimate","17564,7688"
24331,linguistic_technical_rag,phishing,phishing,0.95,"phishing,legitimate","29587,10967"
10415,linguistic_technical_rag,phishing,phishing,0.85,"phishing,legitimate","26723,12014"
10119,linguistic_technical_rag,phishing,phishing,0.75,"phishing,legitimate","22845,6258"
18152,linguistic_technical_rag,phishing,phishing,0.8,"phishing,legitimate","14684,16585"
23832,linguistic_technical_rag,phishing,phishing,0.8,"phishing,legitimate","9382,12014"
22365,linguistic_technical_rag,legitimate,legitimate,0.95,"phishing,legitimate","10439,22369"
28537,linguistic_technical_rag,phishing,phishing,0.8,"phishing,legitimate","19732,2466"
13753,linguistic_technical_rag,legitimate,legitimate,0.95,"phishing,legitimate","20687,13836"
624,linguistic_technical_rag,legitimate,phishing,0.75,"phishing,legitimate","19758,809"
22837,linguistic_technical_rag,phishing,phishing,0.95,"phishing,legitimate","9647,13400"
28318,linguistic_technical_rag,phishing,phishing,0.8,"phishing,legitimate","20795,1622"
9435,linguistic_technical_rag,phishing,phishing,0.85,"phishing,legitimate","18577,13810"
15736,linguistic_technical_rag,phishing,phishing,0.75,"phishing,legitimate","27621,11427"
12693,linguistic_technical_rag,legitimate,legitimate,0.95,"phishing,legitimate","18393,12753"
17030,linguistic_technical_rag,legitimate,phishing,0.85,phishing,19814
16792,linguistic_technical_rag,legitimate,legitimate,0.95,"phishing,legitimate","9607,16254"
25148,linguistic_technical_rag,legitimate,legitimate,0.95,"phishing,legitimate","23101,25485"
15669,linguistic_technical_rag,phishing,phishing,0.85,"phishing,legitimate","26324,7023"
2558,linguistic_technical_rag,legitimate,phishing,0.75,"phishing,legitimate","28167,2418"
4776,linguistic_technical_rag,phishing,phishing,0.85,"phishing,legitimate","15108,13836"
26098,linguistic_technical_rag,phishing,phishing,0.75,"phishing,legitimate","14955,10648"
1208,linguistic_technical_rag,legitimate,phishing,0.75,"phishing,legitimate","20071,2572"
18033,linguistic_technical_rag,phishing,phishing,0.85,"phishing,legitimate","22873,6851"
19137,linguistic_technical_rag,phishing,phishing,0.85,"phishing,legitimate","20620,22169"
29700,linguistic_technical_rag,phishing,phishing,0.85,"phishing,legitimate","15391,12083"
21543,linguistic_technical_rag,legitimate,legitimate,0.95,"phishing,legitimate","9607,21559"
25445,linguistic_technical_rag,legitimate,phishing,0.85,"phishing,legitimate","20120,21217"
2191,linguistic_technical_rag,legitimate,legitimate,0.95,"phishing,legitimate","9881,2572"
25083,linguistic_technical_rag,legitimate,phishing,0.85,"phishing,legitimate","27487,8938"
4941,linguistic_technical_rag,legitimate,legitimate,0.95,"phishing,legitimate","9901,6662"
14045,linguistic_technical_rag,legitimate,legitimate,0.95,"phishing,legitimate","9957,12753"
28816,linguistic_technical_rag,phishing,phishing,0.8,legitimate,8527
23858,linguistic_technical_rag,phishing,phishing,0.85,"phishing,legitimate","9382,10648"
22478,linguistic_technical_rag,phishing,legitimate,0.9,"phishing,legitimate","19403,12109"
23044,linguistic_technical_rag,phishing,phishing,0.7,"phishing,legitimate","9777,12014"
28157,linguistic_technical_rag,phishing,phishing,0.85,"phishing,legitimate","20849,1295"
25049,linguistic_technical_rag,legitimate,legitimate,0.95,"phishing,legitimate","20120,25418"
24879,linguistic_technical_rag,legitimate,legitimate,0.95,"phishing,legitimate","19485,12139"
4218,linguistic_technical_rag,phishing,phishing,0.85,"phishing,legitimate","19674,8888"
7489,linguistic_technical_rag,legitimate,legitimate,0.95,"phishing,legitimate","19966,2490"
83,linguistic_technical_rag,legitimate,phishing,0.75,"phishing,legitimate","9483,1966"
11666,linguistic_technical_rag,legitimate,legitimate,0.95,"phishing,legitimate","26671,11607"
9305,linguistic_technical_rag,phishing,phishing,0.85,"phishing,legitimate","24510,6071"
18718,linguistic_technical_rag,phishing,phishing,0.85,"phishing,legitimate","18141,8581"
14659,linguistic_technical_rag,phishing,phishing,0.85,"phishing,legitimate","29719,1990"
14050,linguistic_technical_rag,legitimate,legitimate,0.95,"phishing,legitimate","20004,14098"
9756,linguistic_technical_rag,phishing,phishing,0.85,legitimate,8507
26402,linguistic_technical_rag,phishing,phishing,0.7,"phishing,legitimate","27484,11427"
23895,linguistic_technical_rag,phishing,phishing,0.85,"phishing,legitimate","24546,8938"
10219,linguistic_technical_rag,phishing,phishing,0.75,"phishing,legitimate","22608,7292"
21560,linguistic_technical_rag,legitimate,legitimate,0.95,"phishing,legitimate","3759,21217"
16368,linguistic_technical_rag,legitimate,legitimate,0.95,"phishing,legitimate","27776,14262"
27046,linguistic_technical_rag,phishing,phishing,0.85,"phishing,legitimate","28819,7939"
20957,linguistic_technical_rag,phishing,phishing,0.85,"phishing,legitimate","19401,8527"
20498,linguistic_technical_rag,phishing,phishing,0.8,"phishing,legitimate","29181,3490"
24621,linguistic_technical_rag,legitimate,phishing,0.85,"phishing,legitimate","10085,16254"
18146,linguistic_technical_rag,phishing,phishing,0.8,"phishing,legitimate","24559,2493"
20125,linguistic_technical_rag,phishing,phishing,0.85,"phishing,legitimate","26671,22344"
19747,linguistic_technical_rag,phishing,phishing,0.85,"phishing,legitimate","22541,16434"
14263,linguistic_technical_rag,legitimate,legitimate,0.95,"phishing,legitimate","23782,14037"
14544,linguistic_technical_rag,phishing,phishing,0.75,"phishing,legitimate","17518,21322"
5000,linguistic_technical_rag,legitimate,legitimate,0.95,"phishing,legitimate","20895,4998"
29020,linguistic_technical_rag,phishing,phishing,0.85,"phishing,legitimate","14773,13135"
723,linguistic_technical_rag,legitimate,legitimate,0.9,"phishing,legitimate","28795,642"
15775,linguistic_technical_rag,phishing,phishing,0.85,"phishing,legitimate","29209,13979"
14467,linguistic_technical_rag,phishing,phishing,0.85,"phishing,legitimate","18382,8507"
13006,linguistic_technical_rag,legitimate,legitimate,0.95,"phishing,legitimate","20262,22040"
9877,linguistic_technical_rag,phishing,phishing,0.85,"phishing,legitimate","23430,13642"
6161,linguistic_technical_rag,legitimate,legitimate,0.95,"phishing,legitimate","29444,8968"
20747,linguistic_technical_rag,phishing,phishing,0.7,"phishing,legitimate","27334,11776"
291,linguistic_technical_rag,legitimate,phishing,0.8,phishing,19079
21208,linguistic_technical_rag,legitimate,legitimate,0.85,"phishing,legitimate","22988,8155"
15862,linguistic_technical_rag,legitimate,phishing,0.8,phishing,28396
25719,linguistic_technical_rag,legitimate,legitimate,0.95,"phishing,legitimate","20183,25167"
22352,linguistic_technical_rag,legitimate,phishing,0.85,"phishing,legitimate","19734,22382"
25248,linguistic_technical_rag,legitimate,phishing,0.8,"phishing,legitimate","4511,1645"
7066,linguistic_technical_rag,legitimate,phishing,0.85,"phishing,legitimate","20646,5085"
26547,linguistic_technical_rag,phishing,phishing,0.7,"phishing,legitimate","20050,1159"
19673,linguistic_technical_rag,phishing,phishing,0.85,"phishing,legitimate","19340,9073"
24048,linguistic_technical_rag,phishing,phishing,0.85,legitimate,13135
24330,linguistic_technical_rag,phishing,phishing,0.85,"phishing,legitimate","3781,25229"
28025,linguistic_technical_rag,phishing,phishing,0.8,"phishing,legitimate","3984,2348"
28723,linguistic_technical_rag,phishing,phishing,0.8,"phishing,legitimate","3574,1556"
3208,linguistic_technical_rag,legitimate,legitimate,0.95,"phishing,legitimate","10165,3177"
9445,linguistic_technical_rag,phishing,phishing,0.8,"phishing,legitimate","23827,5614"
13883,linguistic_technical_rag,legitimate,legitimate,0.9,"phishing,legitimate","18306,21623"
4960,linguistic_technical_rag,legitimate,legitimate,0.95,"phishing,legitimate","19571,5082"
18189,linguistic_technical_rag,phishing,phishing,0.85,"phishing,legitimate","26550,26015"
6045,linguistic_technical_rag,legitimate,legitimate,0.85,"phishing,legitimate","28388,5240"
21846,linguistic_technical_rag,legitimate,phishing,0.75,"phishing,legitimate","24221,5269"
24657,linguistic_technical_rag,legitimate,legitimate,0.85,"phishing,legitimate","19734,25485"
1683,linguistic_technical_rag,legitimate,legitimate,0.95,"phishing,legitimate","19898,7949"
22417,linguistic_technical_rag,legitimate,phishing,0.75,"phishing,legitimate","26453,11914"
20915,linguistic_technical_rag,phishing,phishing,0.8,"phishing,legitimate","14920,1"
22330,linguistic_technical_rag,legitimate,legitimate,0.95,"phishing,legitimate","17929,920"
20768,linguistic_technical_rag,phishing,phishing,0.85,"phishing,legitimate","19954,6258"
23683,linguistic_technical_rag,phishing,phishing,0.75,"phishing,legitimate","28061,13097"
16595,linguistic_technical_rag,legitimate,legitimate,0.95,"phishing,legitimate","4511,21245"
2286,linguistic_technical_rag,legitimate,legitimate,0.85,"phishing,legitimate","4511,10827"
5915,linguistic_technical_rag,legitimate,legitimate,0.95,"phishing,legitimate","23906,8910"
6122,linguistic_technical_rag,legitimate,legitimate,0.95,"phishing,legitimate","29475,21108"
1638,linguistic_technical_rag,legitimate,legitimate,0.95,"phishing,legitimate","19898,826"
7261,linguistic_technical_rag,legitimate,phishing,0.8,"phishing,legitimate","28795,3385"
15527,linguistic_technical_rag,phishing,phishing,0.85,"phishing,legitimate","15807,1741"
18758,linguistic_technical_rag,phishing,phishing,0.85,"phishing,legitimate","4526,1"
15403,linguistic_technical_rag,phishing,phishing,0.85,"phishing,legitimate","15701,13836"
17958,linguistic_technical_rag,phishing,phishing,0.85,"phishing,legitimate","19150,12602"
16459,linguistic_technical_rag,legitimate,phishing,0.75,"phishing,legitimate","10057,16505"
22503,linguistic_technical_rag,phishing,phishing,0.85,"phishing,legitimate","3727,21496"
5444,linguistic_technical_rag,legitimate,phishing,0.7,"phishing,legitimate","23952,4861"
5210,linguistic_technical_rag,legitimate,phishing,0.85,"phishing,legitimate","20071,6130"
4293,linguistic_technical_rag,phishing,phishing,0.85,"phishing,legitimate","28720,4945"
3063,linguistic_technical_rag,legitimate,phishing,0.8,"phishing,legitimate","18638,3431"
5934,linguistic_technical_rag,legitimate,phishing,0.8,"phishing,legitimate","10085,21301"
22573,linguistic_technical_rag,phishing,phishing,0.85,"phishing,legitimate","22661,6258"
16744,linguistic_technical_rag,legitimate,legitimate,0.85,"phishing,legitimate","4511,22010"
18408,linguistic_technical_rag,phishing,phishing,0.8,"phishing,legitimate","19249,8020"
17105,linguistic_technical_rag,legitimate,phishing,0.85,phishing,19814
12345,linguistic_technical_rag,legitimate,legitimate,0.85,"phishing,legitimate","19734,12659"
6646,linguistic_technical_rag,legitimate,legitimate,0.95,"phishing,legitimate","4511,6780"
9355,linguistic_technical_rag,phishing,phishing,0.85,"phishing,legitimate","18557,1556"
18259,linguistic_technical_rag,phishing,phishing,0.85,"phishing,legitimate","28261,2480"
5780,linguistic_technical_rag,legitimate,legitimate,0.95,"phishing,legitimate","29058,5809"
18133,linguistic_technical_rag,phishing,phishing,0.85,"phishing,legitimate","17342,6851"
17418,linguistic_technical_rag,phishing,phishing,0.85,"phishing,legitimate","4137,25457"
28381,linguistic_technical_rag,phishing,phishing,0.8,"phishing,legitimate","15097,7700"
12281,linguistic_technical_rag,legitimate,legitimate,0.95,"phishing,legitimate","17929,12309"
24394,linguistic_technical_rag,phishing,phishing,0.85,"phishing,legitimate","10347,8938"
12443,linguistic_technical_rag,legitimate,legitimate,0.95,"phishing,legitimate","18993,11496"
8571,linguistic_technical_rag,legitimate,legitimate,0.95,"phishing,legitimate","18382,8515"
21733,linguistic_technical_rag,legitimate,phishing,0.85,"phishing,legitimate","19966,21777"
8814,linguistic_technical_rag,legitimate,phishing,0.8,"phishing,legitimate","10439,8812"
12777,linguistic_technical_rag,legitimate,phishing,0.75,"phishing,legitimate","4458,11860"
20146,linguistic_technical_rag,phishing,phishing,0.85,"phishing,legitimate","18895,1696"
20414,linguistic_technical_rag,phishing,phishing,0.85,"phishing,legitimate","26769,5070"
28619,linguistic_technical_rag,phishing,phishing,0.85,"phishing,legitimate","26370,21639"
15653,linguistic_technical_rag,phishing,phishing,0.8,"phishing,legitimate","17335,21330"
6850,linguistic_technical_rag,legitimate,legitimate,0.95,"phishing,legitimate","15637,22291"
26999,linguistic_technical_rag,phishing,phishing,0.85,"phishing,legitimate","28026,7561"
15663,linguistic_technical_rag,phishing,phishing,0.75,"phishing,legitimate","3781,25229"
17599,linguistic_technical_rag,phishing,phishing,0.85,"phishing,legitimate","4833,8642"
24245,linguistic_technical_rag,phishing,phishing,0.85,"phishing,legitimate","28204,11167"
28917,linguistic_technical_rag,phishing,phishing,0.85,"phishing,legitimate","15579,6071"
4590,linguistic_technical_rag,phishing,phishing,0.85,"phishing,legitimate","19917,7561"
24987,linguistic_technical_rag,legitimate,phishing,0.75,"phishing,legitimate","19734,16704"
25,linguistic_technical_rag,legitimate,legitimate,0.95,"phishing,legitimate","19758,583"
29290,linguistic_technical_rag,phishing,phishing,0.85,"phishing,legitimate","28998,1693"
12613,linguistic_technical_rag,legitimate,legitimate,0.95,"phishing,legitimate","15637,11312"
22394,linguistic_technical_rag,legitimate,legitimate,0.95,"phishing,legitimate","14562,22291"
27311,linguistic_technical_rag,phishing,phishing,0.85,"phishing,legitimate","27772,21496"
3820,linguistic_technical_rag,phishing,phishing,0.85,"phishing,legitimate","26517,1085"
3668,linguistic_technical_rag,phishing,phishing,0.85,"phishing,legitimate","17564,10811"
19103,linguistic_technical_rag,phishing,phishing,0.8,"phishing,legitimate","18393,25899"
19213,linguistic_technical_rag,phishing,phishing,0.8,"phishing,legitimate","19734,13124"
5833,linguistic_technical_rag,legitimate,legitimate,0.85,"phishing,legitimate","3528,8803"
28628,linguistic_technical_rag,phishing,phishing,0.85,"phishing,legitimate","9426,7700"
20500,linguistic_technical_rag,phishing,phishing,0.85,"phishing,legitimate","10045,8642"
29329,linguistic_technical_rag,phishing,phishing,0.85,"phishing,legitimate","3984,6347"
25135,linguistic_technical_rag,legitimate,legitimate,0.95,"phishing,legitimate","28388,25475"
26058,linguistic_technical_rag,phishing,phishing,0.8,"phishing,legitimate","19150,12602"
5718,linguistic_technical_rag,legitimate,legitimate,0.85,"phishing,legitimate","9790,7572"
7320,linguistic_technical_rag,legitimate,phishing,0.75,"phishing,legitimate","14418,7368"
12716,linguistic_technical_rag,legitimate,phishing,0.8,"phishing,legitimate","27532,14098"
15190,linguistic_technical_rag,phishing,phishing,0.85,"phishing,legitimate","14890,6200"
7050,linguistic_technical_rag,legitimate,legitimate,0.95,"phishing,legitimate","9641,5794"
23503,linguistic_technical_rag,phishing,phishing,0.85,"phishing,legitimate","4824,6798"
11013,linguistic_technical_rag,legitimate,legitimate,0.95,"phishing,legitimate","4802,7833"
29101,linguistic_technical_rag,phishing,phishing,0.85,"phishing,legitimate","9483,25321"
12102,linguistic_technical_rag,legitimate,legitimate,0.95,"phishing,legitimate","26874,12891"
17666,linguistic_technical_rag,phishing,phishing,0.8,"phishing,legitimate","17726,1017"
28740,linguistic_technical_rag,phishing,phishing,0.85,"phishing,legitimate","29181,2637"
21303,linguistic_technical_rag,legitimate,phishing,0.8,"phishing,legitimate","15195,13410"
19765,linguistic_technical_rag,phishing,phishing,0.85,"phishing,legitimate","22583,2480"
20250,linguistic_technical_rag,phishing,phishing,0.85,"phishing,legitimate","17550,13505"
20430,linguistic_technical_rag,phishing,phishing,0.85,"phishing,legitimate","20603,1012"
14817,linguistic_technical_rag,phishing,phishing,0.75,"phishing,legitimate","28356,8459"
18070,linguistic_technical_rag,phishing,phishing,0.85,"phishing,legitimate","17582,24647"
9673,linguistic_technical_rag,phishing,phishing,0.85,"phishing,legitimate","22961,10983"
16504,linguistic_technical_rag,legitimate,phishing,0.85,"phishing,legitimate","18620,26031"
27177,linguistic_technical_rag,phishing,phishing,0.75,"phishing,legitimate","3973,12265"
13800,linguistic_technical_rag,legitimate,legitimate,0.95,"phishing,legitimate","27802,6887"
22225,linguistic_technical_rag,legitimate,legitimate,0.95,"phishing,legitimate","28706,21313"
1464,linguistic_technical_rag,legitimate,legitimate,0.95,"phishing,legitimate","28974,1476"
28710,linguistic_technical_rag,phishing,phishing,0.85,"phishing,legitimate","23038,11427"
5475,linguistic_technical_rag,legitimate,legitimate,0.95,"phishing,legitimate","28341,8945"
27193,linguistic_technical_rag,phishing,phishing,0.85,"phishing,legitimate","14828,13559"
20610,linguistic_technical_rag,phishing,phishing,0.75,"phishing,legitimate","28043,7739"
25073,linguistic_technical_rag,legitimate,phishing,0.85,"phishing,legitimate","18620,25076"
28587,linguistic_technical_rag,phishing,phishing,0.8,"phishing,legitimate","23705,11141"
4221,linguistic_technical_rag,phishing,phishing,0.85,"phishing,legitimate","20972,8515"
11678,linguistic_technical_rag,legitimate,phishing,0.8,"phishing,legitimate","19966,14098"
17602,linguistic_technical_rag,phishing,phishing,0.75,"phishing,legitimate","20220,11779"
21634,linguistic_technical_rag,legitimate,legitimate,0.95,"phishing,legitimate","28706,8935"
13245,linguistic_technical_rag,legitimate,legitimate,0.95,"phishing,legitimate","28154,6809"
10844,linguistic_technical_rag,legitimate,legitimate,0.95,"phishing,legitimate","28974,10839"
22663,linguistic_technical_rag,phishing,phishing,0.75,"phishing,legitimate","22720,13731"
10777,linguistic_technical_rag,legitimate,legitimate,0.95,"phishing,legitimate","27809,7457"
28194,linguistic_technical_rag,phishing,phishing,0.8,"phishing,legitimate","14357,21764"
5356,linguistic_technical_rag,legitimate,legitimate,0.95,"phishing,legitimate","28388,5701"
20727,linguistic_technical_rag,phishing,phishing,0.85,"phishing,legitimate","27870,1696"
22713,linguistic_technical_rag,phishing,phishing,0.85,"phishing,legitimate","21054,1622"
9440,linguistic_technical_rag,phishing,phishing,0.8,"phishing,legitimate","9306,1807"
23903,linguistic_technical_rag,phishing,phishing,0.95,"phishing,legitimate","23725,6231"
3492,linguistic_technical_rag,legitimate,phishing,0.8,"phishing,legitimate","4388,2626"
6209,linguistic_technical_rag,legitimate,legitimate,0.95,"phishing,legitimate","3512,12832"
154,linguistic_technical_rag,legitimate,phishing,0.8,"phishing,legitimate","27090,1117"
23375,linguistic_technical_rag,phishing,legitimate,0.95,"phishing,legitimate","9939,6308"
17455,linguistic_technical_rag,phishing,phishing,0.85,"phishing,legitimate","14377,13967"
23083,linguistic_technical_rag,phishing,phishing,0.85,"phishing,legitimate","22898,5394"
11027,linguistic_technical_rag,legitimate,legitimate,0.95,"phishing,legitimate","17737,7561"
25595,linguistic_technical_rag,legitimate,phishing,0.85,"phishing,legitimate","17929,21245"
9143,linguistic_technical_rag,legitimate,phishing,0.75,"phishing,legitimate","14418,3021"
19920,linguistic_technical_rag,phishing,phishing,0.7,"phishing,legitimate","19023,25310"
17888,linguistic_technical_rag,phishing,phishing,0.85,"phishing,legitimate","15292,12602"
7593,linguistic_technical_rag,legitimate,legitimate,0.95,"phishing,legitimate","19898,5127"
25656,linguistic_technical_rag,legitimate,legitimate,0.95,"phishing,legitimate","28186,25903"
20123,linguistic_technical_rag,phishing,phishing,0.85,"phishing,legitimate","26562,7561"
18320,linguistic_technical_rag,phishing,phishing,0.8,"phishing,legitimate","23584,8527"
13713,linguistic_technical_rag,legitimate,phishing,0.8,"phishing,legitimate","20218,13699"
7351,linguistic_technical_rag,legitimate,legitimate,0.85,"phishing,legitimate","18638,7266"
27392,linguistic_technical_rag,phishing,phishing,0.85,"phishing,legitimate","27645,8527"
14923,linguistic_technical_rag,phishing,legitimate,0.7,"phishing,legitimate","9899,21737"
17284,linguistic_technical_rag,legitimate,phishing,0.85,phishing,27621
9278,linguistic_technical_rag,phishing,phishing,0.85,"phishing,legitimate","18557,1556"
4319,linguistic_technical_rag,phishing,phishing,0.8,"phishing,legitimate","4254,6347"
8538,linguistic_technical_rag,legitimate,legitimate,0.95,"phishing,legitimate","3900,14111"
2908,linguistic_technical_rag,legitimate,legitimate,0.95,"phishing,legitimate","20183,14078"
259,linguistic_technical_rag,legitimate,phishing,0.8,phishing,27090
7653,linguistic_technical_rag,legitimate,phishing,0.8,"phishing,legitimate","4511,7572"
29523,linguistic_technical_rag,phishing,phishing,0.85,"phishing,legitimate","23254,6616"
27937,linguistic_technical_rag,phishing,phishing,0.75,"phishing,legitimate","14364,16256"
24587,linguistic_technical_rag,phishing,phishing,0.85,"phishing,legitimate","23992,3209"
21443,linguistic_technical_rag,legitimate,legitimate,0.9,"phishing,legitimate","15682,8735"
4830,linguistic_technical_rag,phishing,phishing,0.85,"phishing,legitimate","4787,164"
13239,linguistic_technical_rag,legitimate,legitimate,0.95,"phishing,legitimate","22538,11853"
8205,linguistic_technical_rag,legitimate,legitimate,0.95,"phishing,legitimate","4511,7492"
8779,linguistic_technical_rag,legitimate,phishing,0.75,"phishing,legitimate","3964,8798"
13052,linguistic_technical_rag,legitimate,legitimate,0.95,"phishing,legitimate","4511,2592"
3990,linguistic_technical_rag,phishing,phishing,0.85,"phishing,legitimate","18691,7561"
1927,linguistic_technical_rag,legitimate,legitimate,0.95,"phishing,legitimate","28974,164"
16394,linguistic_technical_rag,legitimate,phishing,0.75,"phishing,legitimate","3528,14262"
28474,linguistic_technical_rag,phishing,phishing,0.85,"phishing,legitimate","26363,8527"
4687,linguistic_technical_rag,phishing,phishing,0.8,"phishing,legitimate","15016,13559"
19562,linguistic_technical_rag,phishing,phishing,0.85,"phishing,legitimate","26081,6258"
9711,linguistic_technical_rag,phishing,phishing,0.85,"phishing,legitimate","28944,7700"
24041,linguistic_technical_rag,phishing,phishing,0.7,"phishing,legitimate","9306,13135"
5524,linguistic_technical_rag,legitimate,legitimate,0.95,"phishing,legitimate","4511,5418"
9936,linguistic_technical_rag,phishing,legitimate,0.85,"phishing,legitimate","15421,845"
15081,linguistic_technical_rag,phishing,phishing,0.7,"phishing,legitimate","27176,10648"
8916,linguistic_technical_rag,legitimate,phishing,0.75,"phishing,legitimate","20183,7360"
9224,linguistic_technical_rag,phishing,phishing,0.85,"phishing,legitimate","10588,13135"
16529,linguistic_technical_rag,legitimate,legitimate,0.95,"phishing,legitimate","19585,6526"
12653,linguistic_technical_rag,legitimate,legitimate,0.95,"phishing,legitimate","27532,12307"
6359,linguistic_technical_rag,legitimate,legitimate,0.95,"phishing,legitimate","28306,6356"
21975,linguistic_technical_rag,legitimate,legitimate,0.95,"phishing,legitimate","3973,1367"
28941,linguistic_technical_rag,phishing,phishing,0.85,"phishing,legitimate","27043,7939"
7001,linguistic_technical_rag,legitimate,legitimate,0.95,"phishing,legitimate","28388,1613"
10093,linguistic_technical_rag,phishing,phishing,0.8,"phishing,legitimate","9257,8938"
29104,linguistic_technical_rag,phishing,phishing,0.85,"phishing,legitimate","20549,886"
23400,linguistic_technical_rag,phishing,phishing,0.85,"phishing,legitimate","26662,6071"
10604,linguistic_technical_rag,phishing,phishing,0.8,legitimate,3490
9446,linguistic_technical_rag,phishing,phishing,0.85,"phishing,legitimate","10372,5040"
12304,linguistic_technical_rag,legitimate,legitimate,0.95,"phishing,legitimate","27726,12307"
5190,linguistic_technical_rag,legitimate,phishing,0.85,"phishing,legitimate","29108,5203"
18167,linguistic_technical_rag,phishing,phishing,0.85,"phishing,legitimate","27225,6258"
12544,linguistic_technical_rag,legitimate,phishing,0.8,"phishing,legitimate","19802,12348"
5499,linguistic_technical_rag,legitimate,legitimate,0.95,"phishing,legitimate","4511,5701"
10762,linguistic_technical_rag,legitimate,phishing,0.75,"phishing,legitimate","29144,10769"
18069,linguistic_technical_rag,phishing,phishing,0.85,"phishing,legitimate","14562,22291"
19373,linguistic_technical_rag,phishing,phishing,0.8,"phishing,legitimate","4784,1295"
20179,linguistic_technical_rag,phishing,phishing,0.85,"phishing,legitimate","29427,12014"
2966,linguistic_technical_rag,legitimate,legitimate,0.95,"phishing,legitimate","15637,2569"
21687,linguistic_technical_rag,legitimate,legitimate,0.95,"phishing,legitimate","26064,7634"
23704,linguistic_technical_rag,phishing,phishing,0.85,"phishing,legitimate","29117,24855"
22160,linguistic_technical_rag,legitimate,legitimate,0.95,"phishing,legitimate","23251,5047"
22786,linguistic_technical_rag,phishing,phishing,0.85,"phishing,legitimate","22519,7700"
213,linguistic_technical_rag,legitimate,phishing,0.7,"phishing,legitimate","27090,338"
4128,linguistic_technical_rag,phishing,phishing,0.85,"phishing,legitimate","18963,13979"
17748,linguistic_technical_rag,phishing,phishing,0.85,"phishing,legitimate","28626,8642"
11042,linguistic_technical_rag,legitimate,legitimate,0.85,"phishing,legitimate","24345,11208"
12141,linguistic_technical_rag,legitimate,legitimate,0.95,"phishing,legitimate","18836,5085"
17627,linguistic_technical_rag,phishing,phishing,0.85,"phishing,legitimate","17700,12602"
22807,linguistic_technical_rag,phishing,phishing,0.8,"phishing,legitimate","10057,6258"
17443,linguistic_technical_rag,phishing,phishing,0.85,"phishing,legitimate","22944,13606"
2567,linguistic_technical_rag,legitimate,legitimate,0.85,"phishing,legitimate","10640,2317"
11598,linguistic_technical_rag,legitimate,legitimate,0.95,"phishing,legitimate","19712,11516"
11025,linguistic_technical_rag,legitimate,phishing,0.75,"phishing,legitimate","17335,22283"
27961,linguistic_technical_rag,phishing,phishing,0.85,"phishing,legitimate","14612,8527"
20708,linguistic_technical_rag,phishing,phishing,0.85,"phishing,legitimate","27532,13605"
14764,linguistic_technical_rag,phishing,phishing,0.75,"phishing,legitimate","29427,8711"
22455,linguistic_technical_rag,phishing,phishing,0.85,legitimate,8507
18392,linguistic_technical_rag,phishing,phishing,0.85,"phishing,legitimate","22669,13979"
23096,linguistic_technical_rag,phishing,phishing,0.85,"phishing,legitimate","19259,13439"
22860,linguistic_technical_rag,phishing,phishing,0.85,"phishing,legitimate","3738,10811"
3869,linguistic_technical_rag,phishing,phishing,0.8,"phishing,legitimate","23584,8527"
16920,linguistic_technical_rag,legitimate,phishing,0.8,phishing,19814
19660,linguistic_technical_rag,phishing,phishing,0.85,"phishing,legitimate","29424,1657"
26169,linguistic_technical_rag,phishing,phishing,0.85,"phishing,legitimate","26370,6572"
27559,linguistic_technical_rag,phishing,phishing,0.85,"phishing,legitimate","23202,6572"
27053,linguistic_technical_rag,phishing,phishing,0.8,"phishing,legitimate","17561,7317"
17250,linguistic_technical_rag,legitimate,phishing,0.75,phishing,28396
19628,linguistic_technical_rag,phishing,phishing,0.7,"phishing,legitimate","23161,12172"
9682,linguistic_technical_rag,phishing,phishing,0.7,"phishing,legitimate","23209,8507"
12418,linguistic_technical_rag,legitimate,phishing,0.85,"phishing,legitimate","20120,11653"
20852,linguistic_technical_rag,phishing,phishing,0.85,"phishing,legitimate","17409,759"
20243,linguistic_technical_rag,phishing,phishing,0.7,"phishing,legitimate","27219,1"
4805,linguistic_technical_rag,phishing,phishing,0.85,"phishing,legitimate","23254,14199"
3446,linguistic_technical_rag,legitimate,phishing,0.7,"phishing,legitimate","26064,3431"
26113,linguistic_technical_rag,phishing,phishing,0.85,"phishing,legitimate","20993,13642"
18265,linguistic_technical_rag,phishing,phishing,0.75,"phishing,legitimate","27818,24647"
9249,linguistic_technical_rag,phishing,phishing,0.85,"phishing,legitimate","29144,10769"
10952,linguistic_technical_rag,legitimate,legitimate,0.95,"phishing,legitimate","9641,14098"
25978,linguistic_technical_rag,legitimate,phishing,0.75,"phishing,legitimate","14408,7857"
1284,linguistic_technical_rag,legitimate,phishing,0.75,"phishing,legitimate","9901,988"
17404,linguistic_technical_rag,phishing,phishing,0.85,"phishing,legitimate","19494,10811"
14407,linguistic_technical_rag,phishing,phishing,0.8,"phishing,legitimate","29461,7317"
6778,linguistic_technical_rag,legitimate,phishing,0.8,"phishing,legitimate","20071,7761"
26867,linguistic_technical_rag,phishing,phishing,0.85,"phishing,legitimate","15108,25262"
17213,linguistic_technical_rag,legitimate,phishing,0.8,phishing,17737
15710,linguistic_technical_rag,phishing,phishing,0.85,"phishing,legitimate","15369,16256"
6207,linguistic_technical_rag,legitimate,legitimate,0.95,"phishing,legitimate","23782,5689"
23213,linguistic_technical_rag,phishing,phishing,0.85,"phishing,legitimate","4358,6258"
8019,linguistic_technical_rag,legitimate,legitimate,0.95,"phishing,legitimate","4226,7949"
26226,linguistic_technical_rag,phishing,phishing,0.75,"phishing,legitimate","14743,14189"
4558,linguistic_technical_rag,phishing,phishing,0.75,"phishing,legitimate","23797,12467"
14281,linguistic_technical_rag,legitimate,phishing,0.7,"phishing,legitimate","29132,25324"
18732,linguistic_technical_rag,phishing,phishing,0.85,"phishing,legitimate","18443,25160"
6859,linguistic_technical_rag,legitimate,legitimate,0.85,"phishing,legitimate","14766,22291"
18756,linguistic_technical_rag,phishing,phishing,0.85,"phishing,legitimate","3984,6308"
20791,linguistic_technical_rag,phishing,phishing,0.8,"phishing,legitimate","14377,6442"
22350,linguistic_technical_rag,legitimate,phishing,0.85,"phishing,legitimate","19734,21078"
26815,linguistic_technical_rag,phishing,phishing,0.85,"phishing,legitimate","19256,1947"
7210,linguistic_technical_rag,legitimate,legitimate,0.8,"phishing,legitimate","4511,1150"
28020,linguistic_technical_rag,phishing,phishing,0.85,"phishing,legitimate","4099,22344"
24681,linguistic_technical_rag,legitimate,legitimate,0.95,"phishing,legitimate","27726,25485"
25061,linguistic_technical_rag,legitimate,legitimate,0.95,"phishing,legitimate","9483,25321"
12596,linguistic_technical_rag,legitimate,legitimate,0.95,"phishing,legitimate","19898,13494"
25188,linguistic_technical_rag,legitimate,phishing,0.8,"phishing,legitimate","15016,10924"
17682,linguistic_technical_rag,phishing,phishing,0.85,"phishing,legitimate","29427,13097"
1862,linguistic_technical_rag,legitimate,legitimate,0.95,"phishing,legitimate","23409,6308"
26351,linguistic_technical_rag,phishing,phishing,0.85,legitimate,8527
21790,linguistic_technical_rag,legitimate,phishing,0.75,"phishing,legitimate","26125,9098"
2882,linguistic_technical_rag,legitimate,legitimate,0.95,"phishing,legitimate","26858,13870"
18480,linguistic_technical_rag,phishing,phishing,0.8,"phishing,legitimate","17564,8370"
10286,linguistic_technical_rag,phishing,phishing,0.8,"phishing,legitimate","26763,12139"
28589,linguistic_technical_rag,phishing,phishing,0.85,"phishing,legitimate","3759,13167"
11273,linguistic_technical_rag,legitimate,legitimate,0.95,"phishing,legitimate","15637,13399"
3684,linguistic_technical_rag,phishing,legitimate,0.75,"phishing,legitimate","15016,26031"
23780,linguistic_technical_rag,phishing,phishing,0.75,"phishing,legitimate","15590,13605"
28056,linguistic_technical_rag,phishing,phishing,0.8,"phishing,legitimate","20795,25262"
21107,linguistic_technical_rag,legitimate,phishing,0.8,"phishing,legitimate","19734,22403"
9008,linguistic_technical_rag,legitimate,legitimate,0.85,"phishing,legitimate","4511,7492"
7062,linguistic_technical_rag,legitimate,legitimate,0.95,"phishing,legitimate","9592,13749"
27960,linguistic_technical_rag,phishing,phishing,0.8,"phishing,legitimate","14430,12083"
2874,linguistic_technical_rag,legitimate,legitimate,0.95,"phishing,legitimate","27532,2418"
20039,linguistic_technical_rag,phishing,phishing,0.85,"phishing,legitimate","19361,1696"
7863,linguistic_technical_rag,legitimate,legitimate,0.95,"phishing,legitimate","24336,5340"
20423,linguistic_technical_rag,phishing,phishing,0.85,"phishing,legitimate","19668,6692"
22398,linguistic_technical_rag,legitimate,legitimate,0.95,"phishing,legitimate","27655,21589"
26738,linguistic_technical_rag,phishing,phishing,0.85,"phishing,legitimate","20355,7688"
16761,linguistic_technical_rag,legitimate,legitimate,0.85,"phishing,legitimate","14766,8975"
27779,linguistic_technical_rag,phishing,phishing,0.8,"phishing,legitimate","28147,25262"
27770,linguistic_technical_rag,phishing,phishing,0.85,"phishing,legitimate","28998,1693"
13667,linguistic_technical_rag,legitimate,legitimate,0.85,"phishing,legitimate","4423,11524"
17398,linguistic_technical_rag,phishing,phishing,0.85,"phishing,legitimate","17726,16585"
18305,linguistic_technical_rag,phishing,phishing,0.85,"phishing,legitimate","19734,6258"
21860,linguistic_technical_rag,legitimate,phishing,0.8,"phishing,legitimate","14418,6374"
21827,linguistic_technical_rag,legitimate,legitimate,0.85,"phishing,legitimate","18962,755"
27606,linguistic_technical_rag,phishing,phishing,0.75,"phishing,legitimate","27755,8642"
11845,linguistic_technical_rag,legitimate,legitimate,0.95,"phishing,legitimate","17929,12927"
13538,linguistic_technical_rag,legitimate,legitimate,0.95,"phishing,legitimate","22754,13494"
5562,linguistic_technical_rag,legitimate,legitimate,0.95,"phishing,legitimate","3528,5202"
14970,linguistic_technical_rag,phishing,phishing,0.85,"phishing,legitimate","9793,13979"
20536,linguistic_technical_rag,phishing,phishing,0.85,"phishing,legitimate","20690,25189"
2343,linguistic_technical_rag,legitimate,legitimate,0.95,"phishing,legitimate","27532,1865"
28303,linguistic_technical_rag,phishing,phishing,0.85,"phishing,legitimate","14565,1441"
6588,linguistic_technical_rag,legitimate,phishing,0.8,"phishing,legitimate","15637,6628"
19856,linguistic_technical_rag,phishing,phishing,0.85,"phishing,legitimate","3755,25252"
7083,linguistic_technical_rag,legitimate,legitimate,0.85,"phishing,legitimate","14418,21540"
10395,linguistic_technical_rag,phishing,phishing,0.8,"phishing,legitimate","15421,5895"
9642,linguistic_technical_rag,phishing,phishing,0.85,"phishing,legitimate","10439,5319"
9741,linguistic_technical_rag,phishing,phishing,0.85,"phishing,legitimate","24600,2223"
23017,linguistic_technical_rag,phishing,phishing,0.85,"phishing,legitimate","15466,25457"
2578,linguistic_technical_rag,legitimate,legitimate,0.95,"phishing,legitimate","4787,2317"
28824,linguistic_technical_rag,phishing,phishing,0.75,"phishing,legitimate","29222,12083"
2608,linguistic_technical_rag,legitimate,phishing,0.85,"phishing,legitimate","4802,3431"
25919,linguistic_technical_rag,legitimate,phishing,0.85,"phishing,legitimate","4511,25697"
12104,linguistic_technical_rag,legitimate,legitimate,0.95,"phishing,legitimate","20183,2539"
12219,linguistic_technical_rag,legitimate,legitimate,0.95,"phishing,legitimate","27532,12139"
643,linguistic_technical_rag,legitimate,legitimate,0.9,"phishing,legitimate","20183,934"
11903,linguistic_technical_rag,legitimate,legitimate,0.95,"phishing,legitimate","20120,9052"
19883,linguistic_technical_rag,phishing,legitimate,0.95,"phishing,legitimate","18962,1003"
5628,linguistic_technical_rag,legitimate,legitimate,0.95,"phishing,legitimate","27350,5689"
5465,linguistic_technical_rag,legitimate,legitimate,0.95,"phishing,legitimate","10088,8733"
18212,linguistic_technical_rag,phishing,phishing,0.85,"phishing,legitimate","22958,8581"
27890,linguistic_technical_rag,phishing,phishing,0.75,"phishing,legitimate","26951,8367"
14423,linguistic_technical_rag,phishing,phishing,0.85,"phishing,legitimate","28944,2014"
7293,linguistic_technical_rag,legitimate,legitimate,0.95,"phishing,legitimate","15718,7338"
22221,linguistic_technical_rag,legitimate,legitimate,0.95,"phishing,legitimate","15299,22220"
11319,linguistic_technical_rag,legitimate,legitimate,0.95,"phishing,legitimate","15637,11312"
1416,linguistic_technical_rag,legitimate,legitimate,0.95,"phishing,legitimate","19030,1533"
10066,linguistic_technical_rag,phishing,phishing,0.85,"phishing,legitimate","22961,13849"
26269,linguistic_technical_rag,phishing,phishing,0.75,"phishing,legitimate","15016,13711"
16712,linguistic_technical_rag,legitimate,phishing,0.85,"phishing,legitimate","10088,16400"
5608,linguistic_technical_rag,legitimate,legitimate,0.9,"phishing,legitimate","9901,7360"
5300,linguistic_technical_rag,legitimate,phishing,0.8,"phishing,legitimate","29554,5640"
25802,linguistic_technical_rag,legitimate,phishing,0.85,"phishing,legitimate","26125,7857"
27421,linguistic_technical_rag,phishing,phishing,0.8,"phishing,legitimate","22656,26038"
27418,linguistic_technical_rag,phishing,phishing,0.75,"phishing,legitimate","26958,764"
8511,linguistic_technical_rag,legitimate,legitimate,0.85,"phishing,legitimate","19318,6887"
20191,linguistic_technical_rag,phishing,phishing,0.85,"phishing,legitimate","27425,6696"
27341,linguistic_technical_rag,phishing,phishing,0.85,"phishing,legitimate","27622,26015"
17207,linguistic_technical_rag,legitimate,phishing,0.85,phishing,28396
24954,linguistic_technical_rag,legitimate,legitimate,0.95,"phishing,legitimate","19734,25195"
2719,linguistic_technical_rag,legitimate,legitimate,0.9,"phishing,legitimate","20183,2121"
2511,linguistic_technical_rag,legitimate,legitimate,0.85,"phishing,legitimate","28960,1966"
27826,linguistic_technical_rag,phishing,phishing,0.85,"phishing,legitimate","14824,11167"
1782,linguistic_technical_rag,legitimate,phishing,0.85,"phishing,legitimate","4511,1805"
10709,linguistic_technical_rag,legitimate,legitimate,0.95,"phishing,legitimate","24274,25302"
13718,linguistic_technical_rag,legitimate,legitimate,0.95,"phishing,legitimate","4749,22010"
3105,linguistic_technical_rag,legitimate,legitimate,0.85,"phishing,legitimate","23782,3104"
7807,linguistic_technical_rag,legitimate,phishing,0.85,"phishing,legitimate","19734,1738"
18589,linguistic_technical_rag,phishing,phishing,0.85,"phishing,legitimate","17612,16582"
2632,linguistic_technical_rag,legitimate,phishing,0.85,"phishing,legitimate","27258,22142"
1552,linguistic_technical_rag,legitimate,legitimate,0.95,"phishing,legitimate","22938,21108"
23245,linguistic_technical_rag,phishing,phishing,0.85,"phishing,legitimate","23254,7939"
14348,linguistic_technical_rag,phishing,phishing,0.85,"phishing,legitimate","4253,2290"
2613,linguistic_technical_rag,legitimate,legitimate,0.95,"phishing,legitimate","28974,25014"
26618,linguistic_technical_rag,phishing,phishing,0.85,"phishing,legitimate","3868,15828"
23195,linguistic_technical_rag,phishing,legitimate,0.95,"phishing,legitimate","9378,8602"
27867,linguistic_technical_rag,phishing,phishing,0.85,"phishing,legitimate","15555,13810"
24459,linguistic_technical_rag,phishing,phishing,0.85,"phishing,legitimate","9957,12753"
16971,linguistic_technical_rag,legitimate,phishing,0.75,phishing,28396
20551,linguistic_technical_rag,phishing,phishing,0.85,"phishing,legitimate","18898,6692"
1590,linguistic_technical_rag,legitimate,phishing,0.7,"phishing,legitimate","29460,11653"
14006,linguistic_technical_rag,legitimate,legitimate,0.85,"phishing,legitimate","4388,14005"
3350,linguistic_technical_rag,legitimate,legitimate,0.95,"phishing,legitimate","20895,8735"
19378,linguistic_technical_rag,phishing,phishing,0.85,"phishing,legitimate","10481,6200"
7256,linguistic_technical_rag,legitimate,legitimate,0.95,"phishing,legitimate","4206,6696"
15309,linguistic_technical_rag,phishing,phishing,0.8,"phishing,legitimate","19741,14189"
5071,linguistic_technical_rag,legitimate,legitimate,0.95,"phishing,legitimate","19734,5047"
9548,linguistic_technical_rag,phishing,phishing,0.85,"phishing,legitimate","4787,8559"
12448,linguistic_technical_rag,legitimate,legitimate,0.9,"phishing,legitimate","3813,12432"
8261,linguistic_technical_rag,legitimate,legitimate,0.95,"phishing,legitimate","26049,1367"
895,linguistic_technical_rag,legitimate,legitimate,0.95,"phishing,legitimate","20183,701"
11748,linguistic_technical_rag,legitimate,legitimate,0.85,"phishing,legitimate","9901,11735"
16720,linguistic_technical_rag,legitimate,legitimate,0.95,"phishing,legitimate","27532,16259"
21494,linguistic_technical_rag,legitimate,legitimate,0.95,"phishing,legitimate","4511,7634"
10874,linguistic_technical_rag,legitimate,legitimate,0.95,"phishing,legitimate","28236,13452"
28841,linguistic_technical_rag,phishing,phishing,0.85,"phishing,legitimate","26703,13097"
13143,linguistic_technical_rag,legitimate,legitimate,0.95,"phishing,legitimate","17612,8735"
6112,linguistic_technical_rag,legitimate,phishing,0.75,"phishing,legitimate","28236,6809"
4297,linguistic_technical_rag,phishing,phishing,0.85,"phishing,legitimate","17612,6308"
14627,linguistic_technical_rag,phishing,phishing,0.85,"phishing,legitimate","10090,22341"
3040,linguistic_technical_rag,legitimate,phishing,0.85,"phishing,legitimate","10439,3050"
13357,linguistic_technical_rag,legitimate,legitimate,0.95,"phishing,legitimate","27851,14327"
7102,linguistic_technical_rag,legitimate,legitimate,0.95,"phishing,legitimate","10632,22274"
936,linguistic_technical_rag,legitimate,phishing,0.75,"phishing,legitimate","26854,920"
22242,linguistic_technical_rag,legitimate,legitimate,0.85,"phishing,legitimate","4511,16662"
20751,linguistic_technical_rag,phishing,phishing,0.8,"phishing,legitimate","19734,13124"
10405,linguistic_technical_rag,phishing,phishing,0.95,"phishing,legitimate","10481,13439"
1872,linguistic_technical_rag,legitimate,phishing,0.8,"phishing,legitimate","20120,2799"
18692,linguistic_technical_rag,phishing,phishing,0.85,"phishing,legitimate","28944,6572"
4311,linguistic_technical_rag,phishing,phishing,0.85,"phishing,legitimate","3792,7939"
18373,linguistic_technical_rag,phishing,phishing,0.85,"phishing,legitimate","3761,6142"
8320,linguistic_technical_rag,legitimate,legitimate,0.95,"phishing,legitimate","27487,1353"
11222,linguistic_technical_rag,legitimate,phishing,0.75,"phishing,legitimate","27851,11208"
7796,linguistic_technical_rag,legitimate,phishing,0.85,"phishing,legitimate","19734,21118"
4836,linguistic_technical_rag,phishing,phishing,0.85,"phishing,legitimate","14978,6323"
17415,linguistic_technical_rag,phishing,phishing,0.85,"phishing,legitimate","3900,11611"
14058,linguistic_technical_rag,legitimate,legitimate,0.95,"phishing,legitimate","17929,8095"
28540,linguistic_technical_rag,phishing,phishing,0.85,"phishing,legitimate","26370,2569"
14355,linguistic_technical_rag,phishing,phishing,0.7,"phishing,legitimate","28622,11765"
9770,linguistic_technical_rag,phishing,phishing,0.85,"phishing,legitimate","22711,25479"
10142,linguistic_technical_rag,phishing,phishing,0.8,legitimate,13967
29111,linguistic_technical_rag,phishing,phishing,0.8,"phishing,legitimate","29427,21411"
24033,linguistic_technical_rag,phishing,phishing,0.85,"phishing,legitimate","24016,1647"
12215,linguistic_technical_rag,legitimate,phishing,0.75,"phishing,legitimate","14408,12440"
25397,linguistic_technical_rag,legitimate,phishing,0.8,"phishing,legitimate","19802,14091"
10612,linguistic_technical_rag,phishing,phishing,0.85,"phishing,legitimate","28047,7939"
19026,linguistic_technical_rag,phishing,phishing,0.75,"phishing,legitimate","26703,12083"
22822,linguistic_technical_rag,phishing,phishing,0.85,"phishing,legitimate","22988,1766"
14778,linguistic_technical_rag,phishing,phishing,0.85,"phishing,legitimate","4693,11713"
5014,linguistic_technical_rag,legitimate,legitimate,0.95,"phishing,legitimate","4511,5033"
5504,linguistic_technical_rag,legitimate,legitimate,0.95,"phishing,legitimate","17737,5085"
21056,linguistic_technical_rag,phishing,phishing,0.8,"phishing,legitimate","9593,8577"
21568,linguistic_technical_rag,legitimate,legitimate,0.85,"phishing,legitimate","23451,7673"
29017,linguistic_technical_rag,phishing,phishing,0.85,"phishing,legitimate","29260,8092"
5227,linguistic_technical_rag,legitimate,legitimate,0.95,"phishing,legitimate","18437,6494"
5515,linguistic_technical_rag,legitimate,legitimate,0.95,"phishing,legitimate","4511,2263"
26800,linguistic_technical_rag,phishing,phishing,0.85,"phishing,legitimate","17818,8735"
12411,linguistic_technical_rag,legitimate,legitimate,0.95,"phishing,legitimate","26064,7366"
19705,linguistic_technical_rag,phishing,phishing,0.85,"phishing,legitimate","19507,2799"
25543,linguistic_technical_rag,legitimate,legitimate,0.95,"phishing,legitimate","28388,21745"
5354,linguistic_technical_rag,legitimate,phishing,0.7,"phishing,legitimate","24274,5704"
29749,linguistic_technical_rag,phishing,phishing,0.85,"phishing,legitimate","17948,22169"
791,linguistic_technical_rag,legitimate,legitimate,0.95,"phishing,legitimate","29321,1000"
17085,linguistic_technical_rag,legitimate,phishing,0.8,phishing,19814
26475,linguistic_technical_rag,phishing,phishing,0.85,"phishing,legitimate","27225,11167"
16934,linguistic_technical_rag,legitimate,phishing,0.75,phishing,28396
10050,linguistic_technical_rag,phishing,phishing,0.85,"phishing,legitimate","9901,10994"
2871,linguistic_technical_rag,legitimate,legitimate,0.95,"phishing,legitimate","27532,3030"
1604,linguistic_technical_rag,legitimate,phishing,0.8,"phishing,legitimate","22998,12376"
12524,linguistic_technical_rag,legitimate,legitimate,0.9,"phishing,legitimate","28702,12589"
4266,linguistic_technical_rag,phishing,phishing,0.85,"phishing,legitimate","17900,11779"
26498,linguistic_technical_rag,phishing,phishing,0.8,"phishing,legitimate","26528,11770"
17767,linguistic_technical_rag,phishing,phishing,0.85,"phishing,legitimate","28720,6323"
9925,linguistic_technical_rag,phishing,phishing,0.75,"phishing,legitimate","22720,12274"
27052,linguistic_technical_rag,phishing,phishing,0.75,"phishing,legitimate","14606,8581"
12246,linguistic_technical_rag,legitimate,legitimate,0.95,"phishing,legitimate","14664,14047"
19825,linguistic_technical_rag,phishing,phishing,0.85,"phishing,legitimate","19571,5221"
23959,linguistic_technical_rag,phishing,phishing,0.8,"phishing,legitimate","10448,7688"
21812,linguistic_technical_rag,legitimate,legitimate,0.85,"phishing,legitimate","9641,11962"
27023,linguistic_technical_rag,phishing,phishing,0.85,"phishing,legitimate","22661,6258"
20678,linguistic_technical_rag,phishing,phishing,0.85,"phishing,legitimate","27367,13124"
20018,linguistic_technical_rag,phishing,phishing,0.85,"phishing,legitimate","24530,6071"
11835,linguistic_technical_rag,legitimate,phishing,0.75,"phishing,legitimate","15637,11312"
10909,linguistic_technical_rag,legitimate,legitimate,0.95,"phishing,legitimate","17929,10857"
27506,linguistic_technical_rag,phishing,phishing,0.85,"phishing,legitimate","17825,13097"
22319,linguistic_technical_rag,legitimate,legitimate,0.85,"phishing,legitimate","29322,5142"
15172,linguistic_technical_rag,phishing,phishing,0.85,"phishing,legitimate","29399,6347"
21314,linguistic_technical_rag,legitimate,legitimate,0.95,"phishing,legitimate","9953,21323"
18996,linguistic_technical_rag,phishing,phishing,0.85,"phishing,legitimate","18937,11713"
10104,linguistic_technical_rag,phishing,phishing,0.85,"phishing,legitimate","22988,10792"
10034,linguistic_technical_rag,phishing,phishing,0.85,"phishing,legitimate","23384,6308"
12085,linguistic_technical_rag,legitimate,legitimate,0.95,"phishing,legitimate","24221,12329"
3612,linguistic_technical_rag,phishing,phishing,0.8,"phishing,legitimate","10374,7739"
1183,linguistic_technical_rag,legitimate,legitimate,0.95,"phishing,legitimate","29096,7577"
2100,linguistic_technical_rag,legitimate,legitimate,0.95,"phishing,legitimate","17335,990"
6935,linguistic_technical_rag,legitimate,legitimate,0.95,"phishing,legitimate","14562,829"
20361,linguistic_technical_rag,phishing,legitimate,0.95,"phishing,legitimate","3586,24647"
24671,linguistic_technical_rag,legitimate,legitimate,0.95,"phishing,legitimate","27532,24743"
2650,linguistic_technical_rag,legitimate,legitimate,0.95,"phishing,legitimate","28167,2358"
23317,linguistic_technical_rag,phishing,phishing,0.8,"phishing,legitimate","28626,8642"
6985,linguistic_technical_rag,legitimate,legitimate,0.95,"phishing,legitimate","17929,6904"
29013,linguistic_technical_rag,phishing,phishing,0.95,"phishing,legitimate","20051,11908"
1319,linguistic_technical_rag,legitimate,legitimate,0.95,"phishing,legitimate","3759,1303"
1368,linguistic_technical_rag,legitimate,legitimate,0.9,"phishing,legitimate","23782,1221"
21921,linguistic_technical_rag,legitimate,legitimate,0.85,"phishing,legitimate","26081,6374"
2924,linguistic_technical_rag,legitimate,legitimate,0.85,"phishing,legitimate","18039,14105"
1167,linguistic_technical_rag,legitimate,phishing,0.85,"phishing,legitimate","19030,2447"
21316,linguistic_technical_rag,legitimate,legitimate,0.95,"phishing,legitimate","23906,10827"
20232,linguistic_technical_rag,phishing,phishing,0.85,"phishing,legitimate","10449,5394"
25427,linguistic_technical_rag,legitimate,phishing,0.75,"phishing,legitimate","28236,9004"
26788,linguistic_technical_rag,phishing,legitimate,0.95,"phishing,legitimate","26733,13979"
15941,linguistic_technical_rag,legitimate,phishing,0.75,phishing,28396
20731,linguistic_technical_rag,phishing,phishing,0.85,"phishing,legitimate","10234,12376"
361,linguistic_technical_rag,legitimate,legitimate,0.95,"phishing,legitimate","20183,1000"
3521,linguistic_technical_rag,phishing,phishing,0.8,"phishing,legitimate","15744,2671"
16994,linguistic_technical_rag,legitimate,phishing,0.85,phishing,28396
7890,linguistic_technical_rag,legitimate,legitimate,0.95,"phishing,legitimate","24336,7949"
13790,linguistic_technical_rag,legitimate,phishing,0.8,"phishing,legitimate","19030,8658"
5148,linguistic_technical_rag,legitimate,phishing,0.75,"phishing,legitimate","19356,8926"
4160,linguistic_technical_rag,phishing,phishing,0.8,"phishing,legitimate","18831,16730"
28897,linguistic_technical_rag,phishing,phishing,0.85,"phishing,legitimate","24445,9073"
28197,linguistic_technical_rag,phishing,phishing,0.85,"phishing,legitimate","4080,22406"
6750,linguistic_technical_rag,legitimate,legitimate,0.95,"phishing,legitimate","29604,5960"
21960,linguistic_technical_rag,legitimate,phishing,0.8,"phishing,legitimate","19734,8909"
3713,linguistic_technical_rag,phishing,phishing,0.95,"phishing,legitimate","29757,1381"
9036,linguistic_technical_rag,legitimate,phishing,0.8,"phishing,legitimate","9483,11559"
23212,linguistic_technical_rag,phishing,legitimate,0.95,"phishing,legitimate","14612,11611"
10907,linguistic_technical_rag,legitimate,legitimate,0.95,"phishing,legitimate","3618,12195"
24230,linguistic_technical_rag,phishing,phishing,0.85,"phishing,legitimate","26808,22169"
23746,linguistic_technical_rag,phishing,phishing,0.85,"phishing,legitimate","23161,12109"
4512,linguistic_technical_rag,phishing,phishing,0.85,"phishing,legitimate","26645,12014"
6424,linguistic_technical_rag,legitimate,phishing,0.75,"phishing,legitimate","3528,6780"
26627,linguistic_technical_rag,phishing,phishing,0.85,"phishing,legitimate","26306,1011"
29748,linguistic_technical_rag,phishing,phishing,0.85,"phishing,legitimate","26105,13135"
18643,linguistic_technical_rag,phishing,phishing,0.8,"phishing,legitimate","3922,6306"
28852,linguistic_technical_rag,phishing,phishing,0.75,"phishing,legitimate","18691,13097"
14076,linguistic_technical_rag,legitimate,legitimate,0.95,"phishing,legitimate","4511,11440"
25379,linguistic_technical_rag,legitimate,legitimate,0.95,"phishing,legitimate","14562,25030"
17117,linguistic_technical_rag,legitimate,phishing,0.85,phishing,28396
26640,linguistic_technical_rag,phishing,phishing,0.85,"phishing,legitimate","4617,13724"
1455,linguistic_technical_rag,legitimate,legitimate,0.95,"phishing,legitimate","28974,1450"
2956,linguistic_technical_rag,legitimate,legitimate,0.95,"phishing,legitimate","18993,3062"
10903,linguistic_technical_rag,legitimate,legitimate,0.95,"phishing,legitimate","27851,13124"
18900,linguistic_technical_rag,phishing,phishing,0.85,"phishing,legitimate","17722,12083"
15708,linguistic_technical_rag,phishing,phishing,0.85,"phishing,legitimate","23202,1657"
24916,linguistic_technical_rag,legitimate,legitimate,0.95,"phishing,legitimate","28974,11496"
25565,linguistic_technical_rag,legitimate,legitimate,0.95,"phishing,legitimate","29096,1163"
28335,linguistic_technical_rag,phishing,phishing,0.8,"phishing,legitimate","28963,25160"
17604,linguistic_technical_rag,phishing,phishing,0.85,"phishing,legitimate","19585,1696"
17807,linguistic_technical_rag,phishing,phishing,0.95,"phishing,legitimate","3924,24714"
14592,linguistic_technical_rag,phishing,phishing,0.85,"phishing,legitimate","15706,12441"
25688,linguistic_technical_rag,legitimate,legitimate,0.95,"phishing,legitimate","26858,25467"
16922,linguistic_technical_rag,legitimate,phishing,0.85,phishing,19814
18472,linguistic_technical_rag,phishing,phishing,0.85,"phishing,legitimate","4021,13097"
21376,linguistic_technical_rag,legitimate,legitimate,0.95,"phishing,legitimate","4511,4973"
16975,linguistic_technical_rag,legitimate,phishing,0.8,phishing,19814
24233,linguistic_technical_rag,phishing,phishing,0.85,"phishing,legitimate","19954,8974"
20662,linguistic_technical_rag,phishing,phishing,0.8,"phishing,legitimate","24445,13439"
29490,linguistic_technical_rag,phishing,phishing,0.85,"phishing,legitimate","10184,21830"
26063,linguistic_technical_rag,phishing,phishing,0.85,"phishing,legitimate","15692,12274"
23910,linguistic_technical_rag,phishing,phishing,0.85,legitimate,12139
494,linguistic_technical_rag,legitimate,phishing,0.8,phishing,27090
29295,linguistic_technical_rag,phishing,phishing,0.75,"phishing,legitimate","3781,25229"
27186,linguistic_technical_rag,phishing,phishing,0.85,"phishing,legitimate","3792,7939"
15594,linguistic_technical_rag,phishing,phishing,0.8,"phishing,legitimate","29117,21764"
4465,linguistic_technical_rag,phishing,phishing,0.85,"phishing,legitimate","28068,16585"
7841,linguistic_technical_rag,legitimate,phishing,0.8,"phishing,legitimate","14920,8197"
10541,linguistic_technical_rag,phishing,phishing,0.85,"phishing,legitimate","18557,1556"
25349,linguistic_technical_rag,legitimate,legitimate,0.95,"phishing,legitimate","17929,1163"
18893,linguistic_technical_rag,phishing,phishing,0.85,"phishing,legitimate","17722,8658"
26585,linguistic_technical_rag,phishing,phishing,0.85,"phishing,legitimate","4829,25252"
15513,linguistic_technical_rag,phishing,phishing,0.8,"phishing,legitimate","28795,1297"
25542,linguistic_technical_rag,legitimate,legitimate,0.95,"phishing,legitimate","19734,25485"
29474,linguistic_technical_rag,phishing,phishing,0.85,"phishing,legitimate","28380,6572"
2712,linguistic_technical_rag,legitimate,legitimate,0.95,"phishing,legitimate","20120,2799"
20943,linguistic_technical_rag,phishing,phishing,0.85,"phishing,legitimate","4659,6442"
2670,linguistic_technical_rag,legitimate,legitimate,0.95,"phishing,legitimate","18077,1030"
13513,linguistic_technical_rag,legitimate,legitimate,0.95,"phishing,legitimate","15637,12649"
20492,linguistic_technical_rag,phishing,phishing,0.85,"phishing,legitimate","10439,22291"
19090,linguistic_technical_rag,phishing,phishing,0.85,"phishing,legitimate","17612,6258"
4698,linguistic_technical_rag,phishing,phishing,0.85,"phishing,legitimate","20218,13097"
20924,linguistic_technical_rag,phishing,phishing,0.8,"phishing,legitimate","28306,14128"
24077,linguistic_technical_rag,phishing,phishing,0.85,"phishing,legitimate","24530,11770"
12,linguistic_technical_rag,legitimate,phishing,0.75,phishing,27090
1422,linguistic_technical_rag,legitimate,phishing,0.85,"phishing,legitimate","28974,1461"
11041,linguistic_technical_rag,legitimate,legitimate,0.95,"phishing,legitimate","28236,13167"
28837,linguistic_technical_rag,phishing,phishing,0.85,"phishing,legitimate","26146,6809"
8462,linguistic_technical_rag,legitimate,legitimate,0.95,"phishing,legitimate","18443,16277"
23893,linguistic_technical_rag,phishing,phishing,0.85,"phishing,legitimate","24546,8938"
995,linguistic_technical_rag,legitimate,legitimate,0.95,"phishing,legitimate","27532,2569"
12663,linguistic_technical_rag,legitimate,legitimate,0.95,"phishing,legitimate","26049,5033"
10135,linguistic_technical_rag,phishing,phishing,0.75,"phishing,legitimate","22608,13724"
27354,linguistic_technical_rag,phishing,phishing,0.85,"phishing,legitimate","27313,6162"
23408,linguistic_technical_rag,phishing,legitimate,0.95,"phishing,legitimate","23374,6308"
3143,linguistic_technical_rag,legitimate,legitimate,0.95,"phishing,legitimate","20183,3149"
4630,linguistic_technical_rag,phishing,phishing,0.85,"phishing,legitimate","15292,13017"
26664,linguistic_technical_rag,phishing,phishing,0.8,"phishing,legitimate","15149,8527"
9118,linguistic_technical_rag,legitimate,legitimate,0.95,"phishing,legitimate","29096,6368"
17696,linguistic_technical_rag,phishing,phishing,0.85,"phishing,legitimate","17900,8642"
274,linguistic_technical_rag,legitimate,phishing,0.85,"phishing,legitimate","14562,415"
26612,linguistic_technical_rag,phishing,phishing,0.7,"phishing,legitimate","15016,1353"
18050,linguistic_technical_rag,phishing,phishing,0.85,"phishing,legitimate","28047,7939"
24995,linguistic_technical_rag,legitimate,legitimate,0.95,"phishing,legitimate","24345,25993"
17879,linguistic_technical_rag,phishing,phishing,0.85,"phishing,legitimate","20251,1011"
27768,linguistic_technical_rag,phishing,phishing,0.8,"phishing,legitimate","22631,22174"
15731,linguistic_technical_rag,phishing,phishing,0.85,"phishing,legitimate","26720,6258"
3682,linguistic_technical_rag,phishing,phishing,0.75,"phishing,legitimate","20603,21669"
14928,linguistic_technical_rag,phishing,phishing,0.8,"phishing,legitimate","27139,13097"
14903,linguistic_technical_rag,phishing,phishing,0.85,"phishing,legitimate","27139,25262"
335,linguistic_technical_rag,legitimate,legitimate,0.95,"phishing,legitimate","17737,503"
24924,linguistic_technical_rag,legitimate,phishing,0.75,"phishing,legitimate","10640,25722"
5888,linguistic_technical_rag,legitimate,legitimate,0.95,"phishing,legitimate","17667,10827"
22090,linguistic_technical_rag,legitimate,legitimate,0.95,"phishing,legitimate","29144,16447"
14079,linguistic_technical_rag,legitimate,legitimate,0.95,"phishing,legitimate","17612,6142"
5774,linguistic_technical_rag,legitimate,phishing,0.8,"phishing,legitimate","3986,22098"
25458,linguistic_technical_rag,legitimate,legitimate,0.95,"phishing,legitimate","24363,25890"
14979,linguistic_technical_rag,phishing,phishing,0.85,"phishing,legitimate","27063,6258"
27564,linguistic_technical_rag,phishing,phishing,0.85,"phishing,legitimate","23161,5944"
16688,linguistic_technical_rag,legitimate,phishing,0.85,"phishing,legitimate","18372,16133"
26609,linguistic_technical_rag,phishing,phishing,0.85,"phishing,legitimate","19150,12602"
18883,linguistic_technical_rag,phishing,phishing,0.85,"phishing,legitimate","28944,11842"
18115,linguistic_technical_rag,phishing,phishing,0.85,"phishing,legitimate","14895,12602"
590,linguistic_technical_rag,legitimate,phishing,0.7,"phishing,legitimate","27532,10957"
17501,linguistic_technical_rag,phishing,phishing,0.85,"phishing,legitimate","4511,7292"
909,linguistic_technical_rag,legitimate,legitimate,0.85,"phishing,legitimate","28960,3011"
20851,linguistic_technical_rag,phishing,phishing,0.75,"phishing,legitimate","28026,1766"
9180,linguistic_technical_rag,phishing,phishing,0.8,"phishing,legitimate","23310,25530"
6330,linguistic_technical_rag,legitimate,legitimate,0.95,"phishing,legitimate","26875,6329"
7079,linguistic_technical_rag,legitimate,phishing,0.8,"phishing,legitimate","9193,16741"
16993,linguistic_technical_rag,legitimate,phishing,0.75,phishing,28396
6687,linguistic_technical_rag,legitimate,phishing,0.7,"phishing,legitimate","19966,6603"
27902,linguistic_technical_rag,phishing,phishing,0.75,"phishing,legitimate","3972,16447"
16422,linguistic_technical_rag,legitimate,legitimate,0.95,"phishing,legitimate","19779,8945"
20724,linguistic_technical_rag,phishing,phishing,0.85,"phishing,legitimate","27291,3385"
20002,linguistic_technical_rag,phishing,phishing,0.85,"phishing,legitimate","19977,2480"
11076,linguistic_technical_rag,legitimate,legitimate,0.95,"phishing,legitimate","26049,5203"
9105,linguistic_technical_rag,legitimate,phishing,0.85,"phishing,legitimate","3928,6780"
6944,linguistic_technical_rag,legitimate,legitimate,0.85,"phishing,legitimate","9372,6904"
29689,linguistic_technical_rag,phishing,phishing,0.85,"phishing,legitimate","29212,10769"
17515,linguistic_technical_rag,phishing,phishing,0.85,"phishing,legitimate","23009,24746"
20680,linguistic_technical_rag,phishing,phishing,0.85,"phishing,legitimate","28819,7939"
18988,linguistic_technical_rag,phishing,phishing,0.85,"phishing,legitimate","22873,6696"
2042,linguistic_technical_rag,legitimate,phishing,0.75,"phishing,legitimate","20984,1985"
13673,linguistic_technical_rag,legitimate,legitimate,0.95,"phishing,legitimate","17793,13642"
1667,linguistic_technical_rag,legitimate,phishing,0.85,"phishing,legitimate","22885,1788"
12841,linguistic_technical_rag,legitimate,legitimate,0.95,"phishing,legitimate","22958,1152"
23957,linguistic_technical_rag,phishing,phishing,0.85,"phishing,legitimate","10481,13439"
3341,linguistic_technical_rag,legitimate,phishing,0.85,"phishing,legitimate","26125,6889"
18483,linguistic_technical_rag,phishing,phishing,0.85,"phishing,legitimate","18788,2918"
10218,linguistic_technical_rag,phishing,legitimate,0.95,"phishing,legitimate","26584,12014"
18984,linguistic_technical_rag,phishing,phishing,0.85,"phishing,legitimate","26396,12014"
24711,linguistic_technical_rag,legitimate,phishing,0.85,"phishing,legitimate","23319,3364"
12976,linguistic_technical_rag,legitimate,phishing,0.7,"phishing,legitimate","20372,3476"
29420,linguistic_technical_rag,phishing,phishing,0.85,"phishing,legitimate","29399,6347"
17088,linguistic_technical_rag,legitimate,phishing,0.85,phishing,28396
5245,linguistic_technical_rag,legitimate,phishing,0.8,"phishing,legitimate","22631,7604"
27006,linguistic_technical_rag,phishing,phishing,0.85,"phishing,legitimate","14955,14037"
843,linguistic_technical_rag,legitimate,phishing,0.85,"phishing,legitimate","28055,1304"
29468,linguistic_technical_rag,phishing,phishing,0.85,"phishing,legitimate","23552,12014"
5108,linguistic_technical_rag,legitimate,phishing,0.85,"phishing,legitimate","20895,5557"
20350,linguistic_technical_rag,phishing,phishing,0.85,"phishing,legitimate","18393,1353"
10139,linguistic_technical_rag,phishing,phishing,0.85,"phishing,legitimate","26729,8527"
24137,linguistic_technical_rag,phishing,phishing,0.8,"phishing,legitimate","10372,1441"
27566,linguistic_technical_rag,phishing,phishing,0.85,"phishing,legitimate","27363,6165"
27804,linguistic_technical_rag,phishing,phishing,0.8,"phishing,legitimate","17409,11455"
2962,linguistic_technical_rag,legitimate,legitimate,0.95,"phishing,legitimate","17929,1163"
16735,linguistic_technical_rag,legitimate,phishing,0.75,"phishing,legitimate","17737,16400"
23629,linguistic_technical_rag,phishing,phishing,0.8,"phishing,legitimate","23906,16434"
5078,linguistic_technical_rag,legitimate,legitimate,0.95,"phishing,legitimate","20895,5085"
16364,linguistic_technical_rag,legitimate,legitimate,0.9,"phishing,legitimate","21054,3311"
14184,linguistic_technical_rag,legitimate,legitimate,0.95,"phishing,legitimate","22656,2918"
23762,linguistic_technical_rag,phishing,phishing,0.85,"phishing,legitimate","17793,10994"
12809,linguistic_technical_rag,legitimate,legitimate,0.95,"phishing,legitimate","17562,10715"
8206,linguistic_technical_rag,legitimate,legitimate,0.95,"phishing,legitimate","15706,22248"
24544,linguistic_technical_rag,phishing,phishing,0.8,legitimate,7688
26966,linguistic_technical_rag,phishing,phishing,0.85,"phishing,legitimate","28944,6557"
17755,linguistic_technical_rag,phishing,phishing,0.85,"phishing,legitimate","14955,26031"
8082,linguistic_technical_rag,legitimate,legitimate,0.95,"phishing,legitimate","27532,7604"
9214,linguistic_technical_rag,phishing,phishing,0.7,"phishing,legitimate","24005,7688"
7740,linguistic_technical_rag,legitimate,legitimate,0.95,"phishing,legitimate","10088,2045"
16788,linguistic_technical_rag,legitimate,phishing,0.8,"phishing,legitimate","26049,24872"
12853,linguistic_technical_rag,legitimate,phishing,0.7,"phishing,legitimate","26049,11996"
16363,linguistic_technical_rag,legitimate,legitimate,0.9,"phishing,legitimate","4511,11337"
4811,linguistic_technical_rag,phishing,phishing,0.85,"phishing,legitimate","19977,8623"
20254,linguistic_technical_rag,phishing,phishing,0.8,"phishing,legitimate","26108,12602"
12092,linguistic_technical_rag,legitimate,legitimate,0.95,"phishing,legitimate","15706,7514"
14931,linguistic_technical_rag,phishing,phishing,0.8,"phishing,legitimate","24606,11455"
8183,linguistic_technical_rag,legitimate,legitimate,0.95,"phishing,legitimate","9607,5554"
14390,linguistic_technical_rag,phishing,phishing,0.8,"phishing,legitimate","17900,1295"
25361,linguistic_technical_rag,legitimate,phishing,0.85,"phishing,legitimate","18557,7867"
14962,linguistic_technical_rag,phishing,phishing,0.85,"phishing,legitimate","15555,13810"
4813,linguistic_technical_rag,phishing,phishing,0.85,"phishing,legitimate","19310,6696"
19646,linguistic_technical_rag,phishing,legitimate,0.95,"phishing,legitimate","22873,25479"
9313,linguistic_technical_rag,phishing,phishing,0.85,"phishing,legitimate","27569,7939"
3517,linguistic_technical_rag,phishing,phishing,0.85,"phishing,legitimate","19256,24647"
9157,linguistic_technical_rag,phishing,phishing,0.7,"phishing,legitimate","10098,13439"
29731,linguistic_technical_rag,phishing,phishing,0.85,"phishing,legitimate","14664,6258"
20818,linguistic_technical_rag,phishing,phishing,0.85,"phishing,legitimate","4458,6200"
5805,linguistic_technical_rag,legitimate,legitimate,0.95,"phishing,legitimate","17335,5815"
25829,linguistic_technical_rag,legitimate,phishing,0.8,"phishing,legitimate","29568,21496"
5789,linguistic_technical_rag,legitimate,legitimate,0.95,"phishing,legitimate","14418,6968"
24112,linguistic_technical_rag,phishing,phishing,0.85,"phishing,legitimate","29059,779"
6713,linguistic_technical_rag,legitimate,legitimate,0.95,"phishing,legitimate","14617,12639"
28418,linguistic_technical_rag,phishing,phishing,0.85,"phishing,legitimate","14562,22291"
19787,linguistic_technical_rag,phishing,phishing,0.85,"phishing,legitimate","4304,12916"
6046,linguistic_technical_rag,legitimate,phishing,0.8,"phishing,legitimate","9901,6506"
11376,linguistic_technical_rag,legitimate,legitimate,0.95,"phishing,legitimate","14418,11414"
20331,linguistic_technical_rag,phishing,phishing,0.8,"phishing,legitimate","23582,12832"
16806,linguistic_technical_rag,legitimate,legitimate,0.95,"phishing,legitimate","10088,16662"
13492,linguistic_technical_rag,legitimate,legitimate,0.95,"phishing,legitimate","23015,13505"
19397,linguistic_technical_rag,phishing,phishing,0.85,"phishing,legitimate","19553,187"
24956,linguistic_technical_rag,legitimate,phishing,0.85,"phishing,legitimate","27502,25140"
13719,linguistic_technical_rag,legitimate,legitimate,0.95,"phishing,legitimate","26125,10850"
9836,linguistic_technical_rag,phishing,phishing,0.8,"phishing,legitimate","22541,5394"
16027,linguistic_technical_rag,legitimate,phishing,0.75,phishing,28396
6623,linguistic_technical_rag,legitimate,legitimate,0.95,"phishing,legitimate","27350,7788"
5282,linguistic_technical_rag,legitimate,legitimate,0.95,"phishing,legitimate","26550,26015"
1300,linguistic_technical_rag,legitimate,legitimate,0.95,"phishing,legitimate","27533,24"
1248,linguistic_technical_rag,legitimate,legitimate,0.85,"phishing,legitimate","19758,845"
2021,linguistic_technical_rag,legitimate,phishing,0.75,"phishing,legitimate","20183,1150"
11988,linguistic_technical_rag,legitimate,phishing,0.85,"phishing,legitimate","26844,6780"
1987,linguistic_technical_rag,legitimate,phishing,0.8,"phishing,legitimate","19758,951"
2957,linguistic_technical_rag,legitimate,legitimate,0.95,"phishing,legitimate","4388,3039"
27159,linguistic_technical_rag,phishing,phishing,0.85,"phishing,legitimate","14367,6200"
24456,linguistic_technical_rag,phishing,phishing,0.8,legitimate,22344
21366,linguistic_technical_rag,legitimate,legitimate,0.95,"phishing,legitimate","14920,2228"
5668,linguistic_technical_rag,legitimate,legitimate,0.95,"phishing,legitimate","28388,5095"
2060,linguistic_technical_rag,legitimate,legitimate,0.95,"phishing,legitimate","4511,642"
15492,linguistic_technical_rag,phishing,phishing,0.8,"phishing,legitimate","15391,13979"
28283,linguistic_technical_rag,phishing,phishing,0.85,"phishing,legitimate","28944,7700"
17541,linguistic_technical_rag,phishing,phishing,0.85,"phishing,legitimate","18332,1353"
25476,linguistic_technical_rag,legitimate,legitimate,0.85,"phishing,legitimate","19802,21607"
12481,linguistic_technical_rag,legitimate,legitimate,0.95,"phishing,legitimate","19954,12672"
14680,linguistic_technical_rag,phishing,phishing,0.8,"phishing,legitimate","15126,21178"
12312,linguistic_technical_rag,legitimate,legitimate,0.95,"phishing,legitimate","17929,12318"
5461,linguistic_technical_rag,legitimate,legitimate,0.95,"phishing,legitimate","23674,7513"
28040,linguistic_technical_rag,phishing,phishing,0.85,"phishing,legitimate","28047,25262"
20661,linguistic_technical_rag,phishing,phishing,0.8,legitimate,8527
20114,linguistic_technical_rag,phishing,phishing,0.75,"phishing,legitimate","15016,5955"
6217,linguistic_technical_rag,legitimate,legitimate,0.95,"phishing,legitimate","28509,6227"
19126,linguistic_technical_rag,phishing,phishing,0.8,"phishing,legitimate","3727,12916"
13509,linguistic_technical_rag,legitimate,phishing,0.8,"phishing,legitimate","14418,13503"
24089,linguistic_technical_rag,phishing,phishing,0.85,"phishing,legitimate","9189,16763"
26961,linguistic_technical_rag,phishing,phishing,0.75,"phishing,legitimate","20795,6306"
28348,linguistic_technical_rag,phishing,phishing,0.8,"phishing,legitimate","24473,21830"
19842,linguistic_technical_rag,phishing,phishing,0.75,"phishing,legitimate","29087,25229"
24927,linguistic_technical_rag,legitimate,phishing,0.85,"phishing,legitimate","23913,7145"
18627,linguistic_technical_rag,phishing,phishing,0.85,"phishing,legitimate","26164,26031"
29416,linguistic_technical_rag,phishing,phishing,0.75,"phishing,legitimate","18332,1"
21497,linguistic_technical_rag,legitimate,phishing,0.85,"phishing,legitimate","26844,16259"
29443,linguistic_technical_rag,phishing,phishing,0.85,"phishing,legitimate","29475,13979"
26497,linguistic_technical_rag,phishing,phishing,0.85,"phishing,legitimate","22590,25262"
29377,linguistic_technical_rag,phishing,phishing,0.85,"phishing,legitimate","29568,25418"
19683,linguistic_technical_rag,phishing,phishing,0.85,"phishing,legitimate","19150,12602"
22994,linguistic_technical_rag,phishing,phishing,0.85,"phishing,legitimate","21054,13251"
23295,linguistic_technical_rag,phishing,phishing,0.85,"phishing,legitimate","23496,6572"
3452,linguistic_technical_rag,legitimate,legitimate,0.95,"phishing,legitimate","19318,1200"
20332,linguistic_technical_rag,phishing,phishing,0.8,"phishing,legitimate","19256,25572"
20069,linguistic_technical_rag,phishing,phishing,0.85,"phishing,legitimate","4304,6308"
12233,linguistic_technical_rag,legitimate,legitimate,0.85,"phishing,legitimate","4511,12213"
9534,linguistic_technical_rag,phishing,phishing,0.85,"phishing,legitimate","9658,1788"
6813,linguistic_technical_rag,legitimate,legitimate,0.95,"phishing,legitimate","28236,5935"
9248,linguistic_technical_rag,phishing,phishing,0.85,legitimate,3490
7829,linguistic_technical_rag,legitimate,legitimate,0.95,"phishing,legitimate","19898,25489"
16893,linguistic_technical_rag,legitimate,legitimate,0.7,phishing,19814
11867,linguistic_technical_rag,legitimate,legitimate,0.95,"phishing,legitimate","9901,2014"
17195,linguistic_technical_rag,legitimate,phishing,0.85,phishing,17737
4277,linguistic_technical_rag,phishing,phishing,0.85,"phishing,legitimate","19544,22341"
3342,linguistic_technical_rag,legitimate,legitimate,0.85,"phishing,legitimate","15620,22291"
2691,linguistic_technical_rag,legitimate,legitimate,0.95,"phishing,legitimate","27533,2843"
22019,linguistic_technical_rag,legitimate,phishing,0.85,"phishing,legitimate","27090,21977"
11087,linguistic_technical_rag,legitimate,legitimate,0.95,"phishing,legitimate","28167,11125"
16536,linguistic_technical_rag,legitimate,phishing,0.85,"phishing,legitimate","19032,16598"
4608,linguistic_technical_rag,phishing,phishing,0.85,"phishing,legitimate","26338,11779"
15159,linguistic_technical_rag,phishing,phishing,0.75,"phishing,legitimate","18578,2539"
29715,linguistic_technical_rag,phishing,phishing,0.8,"phishing,legitimate","23114,6323"
6259,linguistic_technical_rag,legitimate,legitimate,0.7,"phishing,legitimate","27022,7366"
17897,linguistic_technical_rag,phishing,phishing,0.85,"phishing,legitimate","15650,2348"
7088,linguistic_technical_rag,legitimate,legitimate,0.95,"phishing,legitimate","18071,7466"
5772,linguistic_technical_rag,legitimate,phishing,0.75,"phishing,legitimate","14617,22274"
9869,linguistic_technical_rag,phishing,phishing,0.85,"phishing,legitimate","23496,12014"
22790,linguistic_technical_rag,phishing,phishing,0.75,"phishing,legitimate","15421,7063"
128,linguistic_technical_rag,legitimate,phishing,0.85,"phishing,legitimate","27090,568"
23139,linguistic_technical_rag,phishing,phishing,0.85,"phishing,legitimate","29354,3271"
1832,linguistic_technical_rag,legitimate,legitimate,0.95,"phishing,legitimate","15433,25026"
10871,linguistic_technical_rag,legitimate,legitimate,0.95,"phishing,legitimate","29096,10811"
27848,linguistic_technical_rag,phishing,phishing,0.85,"phishing,legitimate","17561,16145"
8132,linguistic_technical_rag,legitimate,legitimate,0.95,"phishing,legitimate","27487,3289"
9764,linguistic_technical_rag,phishing,phishing,0.85,"phishing,legitimate","17759,1696"
1743,linguistic_technical_rag,legitimate,legitimate,0.95,"phishing,legitimate","9901,34"
27459,linguistic_technical_rag,phishing,phishing,0.85,"phishing,legitimate","19483,759"
1837,linguistic_technical_rag,legitimate,legitimate,0.95,"phishing,legitimate","10117,25275"
16365,linguistic_technical_rag,legitimate,legitimate,0.85,"phishing,legitimate","22661,16193"
28009,linguistic_technical_rag,phishing,phishing,0.85,"phishing,legitimate","23930,11427"
15329,linguistic_technical_rag,phishing,phishing,0.85,"phishing,legitimate","15466,8338"
8756,linguistic_technical_rag,legitimate,phishing,0.85,"phishing,legitimate","17737,2317"
23126,linguistic_technical_rag,phishing,phishing,0.85,legitimate,12139
7440,linguistic_technical_rag,legitimate,phishing,0.8,"phishing,legitimate","26844,8080"
12196,linguistic_technical_rag,legitimate,legitimate,0.95,"phishing,legitimate","27726,13887"
109,linguistic_technical_rag,legitimate,phishing,0.75,"phishing,legitimate","18342,491"
13666,linguistic_technical_rag,legitimate,legitimate,0.95,"phishing,legitimate","26064,13663"
15683,linguistic_technical_rag,phishing,phishing,0.95,"phishing,legitimate","27106,24647"
26366,linguistic_technical_rag,phishing,phishing,0.75,"phishing,legitimate","27139,13979"
7822,linguistic_technical_rag,legitimate,phishing,0.75,"phishing,legitimate","14920,21652"
12683,linguistic_technical_rag,legitimate,legitimate,0.95,"phishing,legitimate","22661,5557"
28365,linguistic_technical_rag,phishing,phishing,0.85,"phishing,legitimate","28486,732"
5914,linguistic_technical_rag,legitimate,legitimate,0.95,"phishing,legitimate","10439,7360"
747,linguistic_technical_rag,legitimate,legitimate,0.95,"phishing,legitimate","3964,730"
13649,linguistic_technical_rag,legitimate,legitimate,0.85,"phishing,legitimate","3964,934"
4076,linguistic_technical_rag,phishing,phishing,0.7,"phishing,legitimate","20585,13872"
24907,linguistic_technical_rag,legitimate,legitimate,0.85,"phishing,legitimate","28306,16172"
13704,linguistic_technical_rag,legitimate,legitimate,0.95,"phishing,legitimate","17929,6889"
19475,linguistic_technical_rag,phishing,phishing,0.85,"phishing,legitimate","3973,13724"
23349,linguistic_technical_rag,phishing,legitimate,0.95,"phishing,legitimate","23374,6308"
18162,linguistic_technical_rag,phishing,phishing,0.8,"phishing,legitimate","4419,25262"
22765,linguistic_technical_rag,phishing,phishing,0.85,"phishing,legitimate","28204,24960"
15275,linguistic_technical_rag,phishing,phishing,0.85,"phishing,legitimate","23202,6693"
5508,linguistic_technical_rag,legitimate,legitimate,0.95,"phishing,legitimate","4511,4973"
9913,linguistic_technical_rag,phishing,phishing,0.85,"phishing,legitimate","18359,6308"
7750,linguistic_technical_rag,legitimate,legitimate,0.95,"phishing,legitimate","28974,10827"
21136,linguistic_technical_rag,legitimate,legitimate,0.85,"phishing,legitimate","26125,7617"
23628,linguistic_technical_rag,phishing,phishing,0.8,"phishing,legitimate","9357,6258"
25237,linguistic_technical_rag,legitimate,legitimate,0.95,"phishing,legitimate","20183,1163"
18766,linguistic_technical_rag,phishing,phishing,0.75,"phishing,legitimate","18656,13840"
2716,linguistic_technical_rag,legitimate,legitimate,0.95,"phishing,legitimate","27090,350"
7692,linguistic_technical_rag,legitimate,legitimate,0.95,"phishing,legitimate","23451,8818"
11730,linguistic_technical_rag,legitimate,legitimate,0.95,"phishing,legitimate","4511,5676"
28290,linguistic_technical_rag,phishing,phishing,0.85,"phishing,legitimate","10290,2404"
29062,linguistic_technical_rag,phishing,phishing,0.85,"phishing,legitimate","9369,1562"
3388,linguistic_technical_rag,legitimate,legitimate,0.95,"phishing,legitimate","3964,1192"
4645,linguistic_technical_rag,phishing,phishing,0.85,"phishing,legitimate","15298,2637"
11894,linguistic_technical_rag,legitimate,legitimate,0.95,"phishing,legitimate","18993,11496"
10561,linguistic_technical_rag,phishing,phishing,0.85,"phishing,legitimate","4587,6323"
27609,linguistic_technical_rag,phishing,phishing,0.85,"phishing,legitimate","29322,2263"
18429,linguistic_technical_rag,phishing,phishing,0.85,"phishing,legitimate","29321,25883"
79,linguistic_technical_rag,legitimate,phishing,0.85,phishing,27090
16777,linguistic_technical_rag,legitimate,legitimate,0.95,"phishing,legitimate","28396,16582"
17119,linguistic_technical_rag,legitimate,phishing,0.85,phishing,19814
2864,linguistic_technical_rag,legitimate,phishing,0.75,"phishing,legitimate","28167,2860"
11416,linguistic_technical_rag,legitimate,legitimate,0.95,"phishing,legitimate","10640,11414"
12865,linguistic_technical_rag,legitimate,legitimate,0.95,"phishing,legitimate","27532,2248"
13480,linguistic_technical_rag,legitimate,legitimate,0.95,"phishing,legitimate","19734,13840"
27808,linguistic_technical_rag,phishing,phishing,0.85,"phishing,legitimate","14418,21342"
5137,linguistic_technical_rag,legitimate,legitimate,0.95,"phishing,legitimate","26064,8545"
7281,linguistic_technical_rag,legitimate,legitimate,0.95,"phishing,legitimate","28388,5202"
25428,linguistic_technical_rag,legitimate,phishing,0.7,"phishing,legitimate","29321,3104"
24577,linguistic_technical_rag,phishing,phishing,0.75,legitimate,22344
1867,linguistic_technical_rag,legitimate,legitimate,0.85,"phishing,legitimate","27412,7095"
17849,linguistic_technical_rag,phishing,phishing,0.85,"phishing,legitimate","24313,1823"
18880,linguistic_technical_rag,phishing,phishing,0.85,"phishing,legitimate","4254,13559"
8387,linguistic_technical_rag,legitimate,legitimate,0.95,"phishing,legitimate","23451,13493"
9455,linguistic_technical_rag,phishing,phishing,0.85,"phishing,legitimate","9380,2004"
5389,linguistic_technical_rag,legitimate,legitimate,0.95,"phishing,legitimate","14766,5113"
16607,linguistic_technical_rag,legitimate,phishing,0.8,"phishing,legitimate","20895,13961"
15203,linguistic_technical_rag,phishing,phishing,0.85,"phishing,legitimate","14967,12602"
8518,linguistic_technical_rag,legitimate,legitimate,0.8,"phishing,legitimate","18638,8642"
14715,linguistic_technical_rag,phishing,phishing,0.85,"phishing,legitimate","18039,6258"
13402,linguistic_technical_rag,legitimate,legitimate,0.95,"phishing,legitimate","20183,22232"
23354,linguistic_technical_rag,phishing,phishing,0.85,"phishing,legitimate","9939,6308"
6629,linguistic_technical_rag,legitimate,phishing,0.75,"phishing,legitimate","14920,4923"
11985,linguistic_technical_rag,legitimate,legitimate,0.85,"phishing,legitimate","4334,6904"
25839,linguistic_technical_rag,legitimate,legitimate,0.95,"phishing,legitimate","4511,25026"
13806,linguistic_technical_rag,legitimate,phishing,0.85,"phishing,legitimate","18039,13829"
21605,linguistic_technical_rag,legitimate,legitimate,0.95,"phishing,legitimate","17929,21491"
733,linguistic_technical_rag,legitimate,phishing,0.85,"phishing,legitimate","18806,2447"
7367,linguistic_technical_rag,legitimate,legitimate,0.95,"phishing,legitimate","4511,6780"
7021,linguistic_technical_rag,legitimate,legitimate,0.85,"phishing,legitimate","19734,14128"
8708,linguistic_technical_rag,legitimate,legitimate,0.95,"phishing,legitimate","17335,7366"
28411,linguistic_technical_rag,phishing,phishing,0.85,"phishing,legitimate","15577,6258"
5970,linguistic_technical_rag,legitimate,phishing,0.8,"phishing,legitimate","14418,6368"
22680,linguistic_technical_rag,phishing,phishing,0.85,"phishing,legitimate","22898,3271"
2163,linguistic_technical_rag,legitimate,phishing,0.85,"phishing,legitimate","10085,2481"
1810,linguistic_technical_rag,legitimate,phishing,0.8,"phishing,legitimate","17496,1712"
26493,linguistic_technical_rag,phishing,phishing,0.85,"phishing,legitimate","29427,1011"
27610,linguistic_technical_rag,phishing,phishing,0.85,"phishing,legitimate","20262,6618"
19874,linguistic_technical_rag,phishing,phishing,0.85,"phishing,legitimate","19571,7911"
2133,linguistic_technical_rag,legitimate,phishing,0.75,"phishing,legitimate","20183,1990"
1981,linguistic_technical_rag,legitimate,legitimate,0.95,"phishing,legitimate","9483,1995"
18780,linguistic_technical_rag,phishing,phishing,0.85,"phishing,legitimate","10006,10811"
22489,linguistic_technical_rag,phishing,phishing,0.85,"phishing,legitimate","22769,13097"
12498,linguistic_technical_rag,legitimate,legitimate,0.95,"phishing,legitimate","17667,2014"
2666,linguistic_technical_rag,legitimate,legitimate,0.85,"phishing,legitimate","3964,2319"
15428,linguistic_technical_rag,phishing,phishing,0.85,"phishing,legitimate","15701,3082"
27632,linguistic_technical_rag,phishing,phishing,0.8,"phishing,legitimate","27574,12602"
28363,linguistic_technical_rag,phishing,phishing,0.85,"phishing,legitimate","17564,22232"
1407,linguistic_technical_rag,legitimate,legitimate,0.9,"phishing,legitimate","20183,1483"
11278,linguistic_technical_rag,legitimate,legitimate,0.95,"phishing,legitimate","10439,7360"
10748,linguistic_technical_rag,legitimate,legitimate,0.95,"phishing,legitimate","20992,14063"
3934,linguistic_technical_rag,phishing,phishing,0.85,"phishing,legitimate","18176,6902"
19860,linguistic_technical_rag,phishing,phishing,0.85,"phishing,legitimate","3727,12916"
26678,linguistic_technical_rag,phishing,phishing,0.85,"phishing,legitimate","28142,2317"
6471,linguistic_technical_rag,legitimate,phishing,0.85,"phishing,legitimate","3528,6662"
14697,linguistic_technical_rag,phishing,phishing,0.85,"phishing,legitimate","17759,1805"
19959,linguistic_technical_rag,phishing,phishing,0.7,"phishing,legitimate","19966,6156"
22214,linguistic_technical_rag,legitimate,legitimate,0.95,"phishing,legitimate","9369,12213"
18844,linguistic_technical_rag,phishing,phishing,0.75,"phishing,legitimate","29080,25189"
15853,linguistic_technical_rag,legitimate,phishing,0.75,phishing,28396
21908,linguistic_technical_rag,legitimate,legitimate,0.95,"phishing,legitimate","28706,11653"
15504,linguistic_technical_rag,phishing,phishing,0.85,"phishing,legitimate","9957,6258"
19863,linguistic_technical_rag,phishing,phishing,0.85,"phishing,legitimate","29321,6581"
22309,linguistic_technical_rag,legitimate,legitimate,0.95,"phishing,legitimate","17853,676"
13153,linguistic_technical_rag,legitimate,phishing,0.8,"phishing,legitimate","19734,7887"
27787,linguistic_technical_rag,phishing,phishing,0.85,"phishing,legitimate","3761,8507"
22263,linguistic_technical_rag,legitimate,legitimate,0.95,"phishing,legitimate","14562,22291"
5765,linguistic_technical_rag,legitimate,legitimate,0.95,"phishing,legitimate","27502,7366"
16138,linguistic_technical_rag,legitimate,phishing,0.8,"phishing,legitimate","9641,14105"
26445,linguistic_technical_rag,phishing,phishing,0.85,"phishing,legitimate","15397,9073"
3634,linguistic_technical_rag,phishing,phishing,0.85,"phishing,legitimate","28819,1011"
10690,linguistic_technical_rag,legitimate,phishing,0.8,"phishing,legitimate","9372,11653"
4049,linguistic_technical_rag,phishing,phishing,0.85,"phishing,legitimate","24313,1823"
9388,linguistic_technical_rag,phishing,phishing,0.85,"phishing,legitimate","24546,8938"
11063,linguistic_technical_rag,legitimate,legitimate,0.95,"phishing,legitimate","15682,11385"
9349,linguistic_technical_rag,phishing,phishing,0.85,"phishing,legitimate","28604,8938"
26623,linguistic_technical_rag,phishing,phishing,0.75,"phishing,legitimate","18725,1150"
13984,linguistic_technical_rag,legitimate,legitimate,0.95,"phishing,legitimate","23906,13988"
22322,linguistic_technical_rag,legitimate,phishing,0.8,"phishing,legitimate","14418,22283"
9177,linguistic_technical_rag,phishing,phishing,0.85,legitimate,12139
5792,linguistic_technical_rag,legitimate,legitimate,0.95,"phishing,legitimate","20992,7572"
13540,linguistic_technical_rag,legitimate,legitimate,0.9,"phishing,legitimate","3964,10839"
11289,linguistic_technical_rag,legitimate,phishing,0.85,"phishing,legitimate","10640,11309"
28269,linguistic_technical_rag,phishing,phishing,0.8,"phishing,legitimate","10222,5054"
19471,linguistic_technical_rag,phishing,phishing,0.85,"phishing,legitimate","18660,7911"
19897,linguistic_technical_rag,phishing,phishing,0.85,"phishing,legitimate","29421,8527"
12553,linguistic_technical_rag,legitimate,legitimate,0.85,"phishing,legitimate","3759,13877"
971,linguistic_technical_rag,legitimate,legitimate,0.95,"phishing,legitimate","27020,755"
18573,linguistic_technical_rag,phishing,phishing,0.85,"phishing,legitimate","4708,21301"
23187,linguistic_technical_rag,phishing,phishing,0.85,"phishing,legitimate","20620,8092"
719,linguistic_technical_rag,legitimate,legitimate,0.95,"phishing,legitimate","17929,732"
6518,linguistic_technical_rag,legitimate,legitimate,0.95,"phishing,legitimate","14617,6523"
2388,linguistic_technical_rag,legitimate,phishing,0.8,"phishing,legitimate","17667,676"
20072,linguistic_technical_rag,phishing,phishing,0.85,"phishing,legitimate","4526,12977"
20749,linguistic_technical_rag,phishing,phishing,0.85,"phishing,legitimate","4693,12014"
14201,linguistic_technical_rag,legitimate,legitimate,0.95,"phishing,legitimate","18144,13870"
4703,linguistic_technical_rag,phishing,phishing,0.85,"phishing,legitimate","29427,14173"
29365,linguistic_technical_rag,phishing,phishing,0.7,"phishing,legitimate","28998,12114"
24652,linguistic_technical_rag,legitimate,legitimate,0.95,"phishing,legitimate","17667,1483"
6179,linguistic_technical_rag,legitimate,legitimate,0.95,"phishing,legitimate","4511,8733"
16722,linguistic_technical_rag,legitimate,legitimate,0.95,"phishing,legitimate","4511,16711"
16684,linguistic_technical_rag,legitimate,legitimate,0.95,"phishing,legitimate","10085,25759"
28770,linguistic_technical_rag,phishing,legitimate,0.95,"phishing,legitimate","18037,2139"
139,linguistic_technical_rag,legitimate,phishing,0.75,"phishing,legitimate","18342,491"
7361,linguistic_technical_rag,legitimate,legitimate,0.95,"phishing,legitimate","9587,5127"
20389,linguistic_technical_rag,phishing,phishing,0.85,"phishing,legitimate","28462,9111"
1922,linguistic_technical_rag,legitimate,legitimate,0.95,"phishing,legitimate","20183,11713"
20313,linguistic_technical_rag,phishing,phishing,0.8,"phishing,legitimate","26164,1353"
21349,linguistic_technical_rag,legitimate,legitimate,0.95,"phishing,legitimate","29438,13177"
22632,linguistic_technical_rag,phishing,phishing,0.85,"phishing,legitimate","22938,13836"
25116,linguistic_technical_rag,legitimate,legitimate,0.95,"phishing,legitimate","18990,13343"
13679,linguistic_technical_rag,legitimate,legitimate,0.95,"phishing,legitimate","28974,10827"
7510,linguistic_technical_rag,legitimate,legitimate,0.95,"phishing,legitimate","29460,21563"
5897,linguistic_technical_rag,legitimate,legitimate,0.95,"phishing,legitimate","29077,7984"
12238,linguistic_technical_rag,legitimate,legitimate,0.95,"phishing,legitimate","4388,14016"
2353,linguistic_technical_rag,legitimate,phishing,0.8,"phishing,legitimate","20120,2263"
1001,linguistic_technical_rag,legitimate,legitimate,0.95,"phishing,legitimate","14562,2020"
9561,linguistic_technical_rag,phishing,phishing,0.85,"phishing,legitimate","26538,779"
17263,linguistic_technical_rag,legitimate,phishing,0.85,phishing,17737
9059,linguistic_technical_rag,legitimate,legitimate,0.85,"phishing,legitimate","4423,7360"
6325,linguistic_technical_rag,legitimate,phishing,0.85,"phishing,legitimate","28236,6692"
25941,linguistic_technical_rag,legitimate,legitimate,0.95,"phishing,legitimate","9675,2569"
11991,linguistic_technical_rag,legitimate,phishing,0.8,"phishing,legitimate","17737,10715"
13814,linguistic_technical_rag,legitimate,phishing,0.8,"phishing,legitimate","17929,13829"
22674,linguistic_technical_rag,phishing,phishing,0.95,"phishing,legitimate","9663,21830"
4702,linguistic_technical_rag,phishing,legitimate,0.75,"phishing,legitimate","19898,6572"
26807,linguistic_technical_rag,phishing,phishing,0.85,"phishing,legitimate","22661,1441"
14661,linguistic_technical_rag,phishing,phishing,0.8,legitimate,8527
19858,linguistic_technical_rag,phishing,phishing,0.85,"phishing,legitimate","9571,4948"
14112,linguistic_technical_rag,legitimate,legitimate,0.9,"phishing,legitimate","26550,14049"
7323,linguistic_technical_rag,legitimate,legitimate,0.95,"phishing,legitimate","4511,4973"
27035,linguistic_technical_rag,phishing,phishing,0.85,"phishing,legitimate","27144,1645"
23664,linguistic_technical_rag,phishing,phishing,0.85,"phishing,legitimate","24491,3209"
11077,linguistic_technical_rag,legitimate,legitimate,0.95,"phishing,legitimate","17929,11083"
6478,linguistic_technical_rag,legitimate,legitimate,0.95,"phishing,legitimate","10088,6464"
1971,linguistic_technical_rag,legitimate,legitimate,0.95,"phishing,legitimate","19758,2466"
25522,linguistic_technical_rag,legitimate,legitimate,0.95,"phishing,legitimate","27809,1297"
23849,linguistic_technical_rag,phishing,phishing,0.85,legitimate,3490
1130,linguistic_technical_rag,legitimate,phishing,0.75,"phishing,legitimate","26159,642"
24029,linguistic_technical_rag,phishing,phishing,0.85,"phishing,legitimate","23729,6231"
51,linguistic_technical_rag,legitimate,phishing,0.85,"phishing,legitimate","27090,334"
7687,linguistic_technical_rag,legitimate,legitimate,0.95,"phishing,legitimate","26049,7572"
29753,linguistic_technical_rag,phishing,phishing,0.85,"phishing,legitimate","29629,13836"
12211,linguistic_technical_rag,legitimate,legitimate,0.95,"phishing,legitimate","17929,8154"
1024,linguistic_technical_rag,legitimate,phishing,0.85,"phishing,legitimate","10088,3104"
1624,linguistic_technical_rag,legitimate,phishing,0.8,"phishing,legitimate","22608,11524"
8007,linguistic_technical_rag,legitimate,legitimate,0.75,"phishing,legitimate","4388,8534"
13198,linguistic_technical_rag,legitimate,legitimate,0.95,"phishing,legitimate","4511,5554"
28876,linguistic_technical_rag,phishing,phishing,0.85,"phishing,legitimate","29108,13399"
13335,linguistic_technical_rag,legitimate,legitimate,0.95,"phishing,legitimate","4388,13601"
6316,linguistic_technical_rag,legitimate,phishing,0.85,"phishing,legitimate","26125,13077"
15281,linguistic_technical_rag,phishing,phishing,0.85,"phishing,legitimate","29619,7561"
28689,linguistic_technical_rag,phishing,phishing,0.8,"phishing,legitimate","29181,5082"
6835,linguistic_technical_rag,legitimate,legitimate,0.95,"phishing,legitimate","9592,13749"
6000,linguistic_technical_rag,legitimate,legitimate,0.95,"phishing,legitimate","20646,6374"
15705,linguistic_technical_rag,phishing,phishing,0.95,"phishing,legitimate","20638,6323"
1471,linguistic_technical_rag,legitimate,legitimate,0.95,"phishing,legitimate","17564,3177"
19296,linguistic_technical_rag,phishing,phishing,0.85,"phishing,legitimate","18895,6071"
11949,linguistic_technical_rag,legitimate,legitimate,0.95,"phishing,legitimate","28206,6963"
7147,linguistic_technical_rag,legitimate,legitimate,0.85,"phishing,legitimate","20646,6883"
8604,linguistic_technical_rag,legitimate,legitimate,0.95,"phishing,legitimate","14766,22291"
9414,linguistic_technical_rag,phishing,phishing,0.95,"phishing,legitimate","20638,13135"
8277,linguistic_technical_rag,legitimate,phishing,0.75,"phishing,legitimate","15706,6488"
15288,linguistic_technical_rag,phishing,phishing,0.85,"phishing,legitimate","15283,16346"
26673,linguistic_technical_rag,phishing,phishing,0.75,"phishing,legitimate","27557,6990"
198,linguistic_technical_rag,legitimate,phishing,0.8,phishing,27090
36,linguistic_technical_rag,legitimate,legitimate,0.95,"phishing,legitimate","26064,442"
10316,linguistic_technical_rag,phishing,phishing,0.8,"phishing,legitimate","3559,6693"
13238,linguistic_technical_rag,legitimate,legitimate,0.95,"phishing,legitimate","27851,8095"
16047,linguistic_technical_rag,legitimate,phishing,0.75,phishing,28396
2267,linguistic_technical_rag,legitimate,legitimate,0.95,"phishing,legitimate","27533,2209"
7131,linguistic_technical_rag,legitimate,legitimate,0.85,"phishing,legitimate","14664,3104"
23163,linguistic_technical_rag,phishing,phishing,0.85,"phishing,legitimate","23254,7939"
9691,linguistic_technical_rag,phishing,phishing,0.85,"phishing,legitimate","9450,6464"
5602,linguistic_technical_rag,legitimate,legitimate,0.95,"phishing,legitimate","9901,5589"
20088,linguistic_technical_rag,phishing,phishing,0.75,"phishing,legitimate","4648,13724"
14830,linguistic_technical_rag,phishing,phishing,0.8,"phishing,legitimate","26338,1011"
4964,linguistic_technical_rag,legitimate,legitimate,0.95,"phishing,legitimate","4511,7492"
2664,linguistic_technical_rag,legitimate,legitimate,0.95,"phishing,legitimate","26064,24872"
18549,linguistic_technical_rag,phishing,phishing,0.85,"phishing,legitimate","17411,1693"
8371,linguistic_technical_rag,legitimate,phishing,0.7,"phishing,legitimate","15195,6356"
14981,linguistic_technical_rag,phishing,phishing,0.85,"phishing,legitimate","18332,26031"
25176,linguistic_technical_rag,legitimate,legitimate,0.95,"phishing,legitimate","9483,25321"
18567,linguistic_technical_rag,phishing,phishing,0.85,"phishing,legitimate","28462,1017"
19196,linguistic_technical_rag,phishing,legitimate,0.95,"phishing,legitimate","18356,6071"
2512,linguistic_technical_rag,legitimate,legitimate,0.95,"phishing,legitimate","28167,3087"
3952,linguistic_technical_rag,phishing,phishing,0.85,"phishing,legitimate","20228,25262"
6869,linguistic_technical_rag,legitimate,legitimate,0.95,"phishing,legitimate","4511,8900"
23309,linguistic_technical_rag,phishing,phishing,0.85,"phishing,legitimate","27416,1011"
14421,linguistic_technical_rag,phishing,phishing,0.85,"phishing,legitimate","20865,12265"
26915,linguistic_technical_rag,phishing,phishing,0.8,"phishing,legitimate","4508,16201"
8345,linguistic_technical_rag,legitimate,legitimate,0.95,"phishing,legitimate","9901,6780"
5439,linguistic_technical_rag,legitimate,legitimate,0.95,"phishing,legitimate","14617,5632"
1888,linguistic_technical_rag,legitimate,legitimate,0.95,"phishing,legitimate","14920,22201"
10147,linguistic_technical_rag,phishing,phishing,0.85,"phishing,legitimate","29444,1461"
27439,linguistic_technical_rag,phishing,phishing,0.85,"phishing,legitimate","18660,13262"
3880,linguistic_technical_rag,phishing,phishing,0.85,"phishing,legitimate","18332,6071"
27874,linguistic_technical_rag,phishing,phishing,0.8,"phishing,legitimate","24510,6572"
10249,linguistic_technical_rag,phishing,legitimate,0.95,legitimate,22344
24397,linguistic_technical_rag,phishing,phishing,0.95,"phishing,legitimate","29587,13724"
3441,linguistic_technical_rag,legitimate,phishing,0.8,"phishing,legitimate","14418,1159"
24384,linguistic_technical_rag,phishing,phishing,0.85,"phishing,legitimate","27063,12467"
22236,linguistic_technical_rag,legitimate,phishing,0.8,"phishing,legitimate","4511,22274"
21770,linguistic_technical_rag,legitimate,legitimate,0.95,"phishing,legitimate","29568,21563"
10480,linguistic_technical_rag,phishing,phishing,0.7,"phishing,legitimate","22898,7466"
23312,linguistic_technical_rag,phishing,phishing,0.8,"phishing,legitimate","26729,8527"
1369,linguistic_technical_rag,legitimate,phishing,0.85,"phishing,legitimate","26049,1441"
17566,linguistic_technical_rag,phishing,phishing,0.8,"phishing,legitimate","15217,12083"
21106,linguistic_technical_rag,legitimate,phishing,0.85,"phishing,legitimate","19734,22382"
17738,linguistic_technical_rag,phishing,phishing,0.8,"phishing,legitimate","18577,24647"
16203,linguistic_technical_rag,legitimate,phishing,0.8,"phishing,legitimate","20964,22403"
2888,linguistic_technical_rag,legitimate,legitimate,0.95,"phishing,legitimate","27090,934"
18563,linguistic_technical_rag,phishing,legitimate,0.8,"phishing,legitimate","15620,8809"
12944,linguistic_technical_rag,legitimate,legitimate,0.95,"phishing,legitimate","15637,12565"
10858,linguistic_technical_rag,legitimate,legitimate,0.95,"phishing,legitimate","10439,22185"
24324,linguistic_technical_rag,phishing,phishing,0.85,"phishing,legitimate","27569,7939"
7864,linguistic_technical_rag,legitimate,legitimate,0.95,"phishing,legitimate","29536,1250"
16396,linguistic_technical_rag,legitimate,phishing,0.85,"phishing,legitimate","20895,16432"
22558,linguistic_technical_rag,phishing,phishing,0.8,"phishing,legitimate","22961,3082"
26265,linguistic_technical_rag,phishing,phishing,0.85,"phishing,legitimate","24559,3177"
7957,linguistic_technical_rag,legitimate,legitimate,0.95,"phishing,legitimate","4511,5051"
18338,linguistic_technical_rag,phishing,phishing,0.85,"phishing,legitimate","15433,1697"
3430,linguistic_technical_rag,legitimate,phishing,0.75,"phishing,legitimate","9382,1159"
12783,linguistic_technical_rag,legitimate,phishing,0.8,"phishing,legitimate","9866,14016"
13803,linguistic_technical_rag,legitimate,legitimate,0.95,"phishing,legitimate","18399,25167"
12612,linguistic_technical_rag,legitimate,legitimate,0.95,"phishing,legitimate","4206,12361"
8179,linguistic_technical_rag,legitimate,phishing,0.85,"phishing,legitimate","10085,5927"
23754,linguistic_technical_rag,phishing,phishing,0.85,"phishing,legitimate","23827,5319"
10962,linguistic_technical_rag,legitimate,legitimate,0.95,"phishing,legitimate","17929,13581"
16297,linguistic_technical_rag,legitimate,phishing,0.75,"phishing,legitimate","23409,13343"
17833,linguistic_technical_rag,phishing,phishing,0.75,"phishing,legitimate","18042,13135"
12773,linguistic_technical_rag,legitimate,legitimate,0.95,"phishing,legitimate","28706,1310"
16445,linguistic_technical_rag,legitimate,legitimate,0.95,"phishing,legitimate","28396,16249"
26504,linguistic_technical_rag,phishing,phishing,0.85,"phishing,legitimate","20255,7664"
1771,linguistic_technical_rag,legitimate,legitimate,0.95,"phishing,legitimate","29568,21496"
6178,linguistic_technical_rag,legitimate,legitimate,0.95,"phishing,legitimate","19966,5689"
22877,linguistic_technical_rag,phishing,phishing,0.8,"phishing,legitimate","22885,1335"
28943,linguistic_technical_rag,phishing,phishing,0.85,"phishing,legitimate","28828,13840"
2180,linguistic_technical_rag,legitimate,phishing,0.7,"phishing,legitimate","4511,1343"
26224,linguistic_technical_rag,phishing,phishing,0.75,"phishing,legitimate","14565,2539"
9345,linguistic_technical_rag,phishing,phishing,0.85,"phishing,legitimate","17999,25457"
12386,linguistic_technical_rag,legitimate,legitimate,0.85,"phishing,legitimate","28206,12672"
24237,linguistic_technical_rag,phishing,phishing,0.85,"phishing,legitimate","10481,13439"
9381,linguistic_technical_rag,phishing,phishing,0.85,"phishing,legitimate","10481,13439"
24761,linguistic_technical_rag,legitimate,legitimate,0.95,"phishing,legitimate","20372,10959"
20290,linguistic_technical_rag,phishing,phishing,0.85,"phishing,legitimate","27538,1085"
23998,linguistic_technical_rag,phishing,phishing,0.8,"phishing,legitimate","9369,26024"
28992,linguistic_technical_rag,phishing,phishing,0.7,"phishing,legitimate","28008,1820"
18608,linguistic_technical_rag,phishing,phishing,0.85,"phishing,legitimate","4253,16585"
26900,linguistic_technical_rag,phishing,phishing,0.95,"phishing,legitimate","28612,12644"
1179,linguistic_technical_rag,legitimate,legitimate,0.95,"phishing,legitimate","3964,181"
11045,linguistic_technical_rag,legitimate,legitimate,0.95,"phishing,legitimate","14418,11133"
16147,linguistic_technical_rag,legitimate,legitimate,0.95,"phishing,legitimate","27533,16434"
5208,linguistic_technical_rag,legitimate,phishing,0.75,"phishing,legitimate","4749,5202"
23513,linguistic_technical_rag,phishing,phishing,0.75,"phishing,legitimate","29080,8338"
28361,linguistic_technical_rag,phishing,phishing,0.85,"phishing,legitimate","3792,16585"
28176,linguistic_technical_rag,phishing,phishing,0.85,"phishing,legitimate","3984,2019"
18829,linguistic_technical_rag,phishing,phishing,0.85,"phishing,legitimate","18915,16585"
29336,linguistic_technical_rag,phishing,legitimate,0.95,"phishing,legitimate","29151,8798"
25331,linguistic_technical_rag,legitimate,legitimate,0.85,"phishing,legitimate","15620,11596"
4940,linguistic_technical_rag,legitimate,legitimate,0.95,"phishing,legitimate","14920,6628"
478,linguistic_technical_rag,legitimate,legitimate,0.95,"phishing,legitimate","17562,181"
19576,linguistic_technical_rag,phishing,phishing,0.85,"phishing,legitimate","19670,21515"
4427,linguistic_technical_rag,phishing,phishing,0.8,"phishing,legitimate","22541,5394"
8022,linguistic_technical_rag,legitimate,legitimate,0.95,"phishing,legitimate","9901,7788"
477,linguistic_technical_rag,legitimate,phishing,0.8,phishing,27090
17318,linguistic_technical_rag,phishing,phishing,0.85,"phishing,legitimate","10439,870"
11093,linguistic_technical_rag,legitimate,legitimate,0.95,"phishing,legitimate","23913,7145"
25609,linguistic_technical_rag,legitimate,legitimate,0.95,"phishing,legitimate","17929,12927"
12048,linguistic_technical_rag,legitimate,legitimate,0.95,"phishing,legitimate","17929,6963"
6032,linguistic_technical_rag,legitimate,legitimate,0.95,"phishing,legitimate","14920,6053"
12628,linguistic_technical_rag,legitimate,legitimate,0.95,"phishing,legitimate","24482,8334"
20131,linguistic_technical_rag,phishing,phishing,0.8,"phishing,legitimate","24121,5798"
13224,linguistic_technical_rag,legitimate,phishing,0.75,"phishing,legitimate","14920,8971"
15455,linguistic_technical_rag,phishing,phishing,0.85,"phishing,legitimate","10449,13979"
10513,linguistic_technical_rag,phishing,phishing,0.8,"phishing,legitimate","10289,13135"
28885,linguistic_technical_rag,phishing,phishing,0.85,"phishing,legitimate","19779,21694"
25294,linguistic_technical_rag,legitimate,phishing,0.8,"phishing,legitimate","9587,21745"
4005,linguistic_technical_rag,phishing,phishing,0.85,"phishing,legitimate","17722,8658"
11199,linguistic_technical_rag,legitimate,legitimate,0.95,"phishing,legitimate","28974,25762"
8740,linguistic_technical_rag,legitimate,phishing,0.75,"phishing,legitimate","29096,5319"
5946,linguistic_technical_rag,legitimate,legitimate,0.95,"phishing,legitimate","14920,8365"
15694,linguistic_technical_rag,phishing,phishing,0.85,"phishing,legitimate","28998,1367"
13511,linguistic_technical_rag,legitimate,legitimate,0.85,"phishing,legitimate","17929,12532"
6769,linguistic_technical_rag,legitimate,legitimate,0.95,"phishing,legitimate","20895,6603"
11825,linguistic_technical_rag,legitimate,phishing,0.8,"phishing,legitimate","4388,8926"
17890,linguistic_technical_rag,phishing,phishing,0.75,"phishing,legitimate","23584,8527"
16534,linguistic_technical_rag,legitimate,legitimate,0.85,"phishing,legitimate","26858,5895"
29169,linguistic_technical_rag,phishing,phishing,0.85,"phishing,legitimate","14726,2881"
958,linguistic_technical_rag,legitimate,legitimate,0.95,"phishing,legitimate","20183,2358"
22471,linguistic_technical_rag,phishing,phishing,0.85,"phishing,legitimate","14408,12376"
24861,linguistic_technical_rag,legitimate,legitimate,0.95,"phishing,legitimate","27818,24800"
18151,linguistic_technical_rag,phishing,phishing,0.8,"phishing,legitimate","29460,13979"
25516,linguistic_technical_rag,legitimate,legitimate,0.95,"phishing,legitimate","17436,16689"
4412,linguistic_technical_rag,phishing,phishing,0.85,"phishing,legitimate","9593,8581"
28144,linguistic_technical_rag,phishing,phishing,0.75,"phishing,legitimate","28047,1657"
7346,linguistic_technical_rag,legitimate,legitimate,0.95,"phishing,legitimate","4511,7375"
16324,linguistic_technical_rag,legitimate,legitimate,0.95,"phishing,legitimate","23251,1367"
17187,linguistic_technical_rag,legitimate,phishing,0.85,phishing,27621
16921,linguistic_technical_rag,legitimate,phishing,0.85,phishing,28396
19287,linguistic_technical_rag,phishing,phishing,0.8,"phishing,legitimate","19561,2791"
2591,linguistic_technical_rag,legitimate,legitimate,0.95,"phishing,legitimate","19758,1260"
20938,linguistic_technical_rag,phishing,phishing,0.8,"phishing,legitimate","28356,7939"
14381,linguistic_technical_rag,phishing,phishing,0.85,"phishing,legitimate","28236,920"
12036,linguistic_technical_rag,legitimate,phishing,0.85,"phishing,legitimate","10085,2236"
15640,linguistic_technical_rag,phishing,phishing,0.8,"phishing,legitimate","28886,1343"
15845,linguistic_technical_rag,legitimate,phishing,0.75,phishing,28396
593,linguistic_technical_rag,legitimate,legitimate,0.95,"phishing,legitimate","29096,592"
12437,linguistic_technical_rag,legitimate,phishing,0.85,"phishing,legitimate","27502,16447"
541,linguistic_technical_rag,legitimate,phishing,0.85,"phishing,legitimate","20183,201"
29381,linguistic_technical_rag,phishing,phishing,0.85,"phishing,legitimate","4006,12309"
21522,linguistic_technical_rag,legitimate,legitimate,0.95,"phishing,legitimate","4784,21589"
27251,linguistic_technical_rag,phishing,phishing,0.8,"phishing,legitimate","24530,13439"
8795,linguistic_technical_rag,legitimate,legitimate,0.85,"phishing,legitimate","14565,2452"
2253,linguistic_technical_rag,legitimate,legitimate,0.95,"phishing,legitimate","14774,5269"
26071,linguistic_technical_rag,phishing,phishing,0.8,"phishing,legitimate","14743,21322"
15009,linguistic_technical_rag,phishing,phishing,0.8,"phishing,legitimate","27071,13711"
12463,linguistic_technical_rag,legitimate,legitimate,0.95,"phishing,legitimate","29108,2248"
13115,linguistic_technical_rag,legitimate,legitimate,0.95,"phishing,legitimate","3761,21961"
15538,linguistic_technical_rag,phishing,phishing,0.8,"phishing,legitimate","29117,10764"
19226,linguistic_technical_rag,phishing,phishing,0.85,"phishing,legitimate","18668,1805"
26357,linguistic_technical_rag,phishing,phishing,0.85,"phishing,legitimate","15292,25252"
21328,linguistic_technical_rag,legitimate,legitimate,0.95,"phishing,legitimate","26064,21223"
12115,linguistic_technical_rag,legitimate,legitimate,0.95,"phishing,legitimate","27851,12316"
8849,linguistic_technical_rag,legitimate,phishing,0.8,"phishing,legitimate","4511,5142"
4306,linguistic_technical_rag,phishing,phishing,0.8,"phishing,legitimate","26657,1295"
12843,linguistic_technical_rag,legitimate,legitimate,0.95,"phishing,legitimate","18071,829"
21262,linguistic_technical_rag,legitimate,legitimate,0.85,"phishing,legitimate","4511,5554"
3804,linguistic_technical_rag,phishing,phishing,0.85,"phishing,legitimate","26645,14199"
8369,linguistic_technical_rag,legitimate,phishing,0.8,"phishing,legitimate","19734,7911"
25196,linguistic_technical_rag,legitimate,phishing,0.75,"phishing,legitimate","24044,26028"
28140,linguistic_technical_rag,phishing,phishing,0.85,"phishing,legitimate","18963,1295"
10785,linguistic_technical_rag,legitimate,legitimate,0.95,"phishing,legitimate","27851,10781"
13458,linguistic_technical_rag,legitimate,legitimate,0.95,"phishing,legitimate","3761,12083"
13156,linguistic_technical_rag,legitimate,phishing,0.85,"phishing,legitimate","20992,14091"
27584,linguistic_technical_rag,phishing,phishing,0.85,"phishing,legitimate","14828,1295"
23263,linguistic_technical_rag,phishing,phishing,0.85,"phishing,legitimate","28457,21775"
26879,linguistic_technical_rag,phishing,phishing,0.85,"phishing,legitimate","15292,6162"
18052,linguistic_technical_rag,phishing,phishing,0.85,"phishing,legitimate","20188,11713"
28209,linguistic_technical_rag,phishing,phishing,0.85,"phishing,legitimate","27809,10764"
22347,linguistic_technical_rag,legitimate,legitimate,0.95,"phishing,legitimate","29472,7949"
1212,linguistic_technical_rag,legitimate,legitimate,0.95,"phishing,legitimate","27487,10827"
25836,linguistic_technical_rag,legitimate,phishing,0.85,"phishing,legitimate","20387,1562"
14182,linguistic_technical_rag,legitimate,phishing,0.75,"phishing,legitimate","28186,12439"
3357,linguistic_technical_rag,legitimate,phishing,0.8,"phishing,legitimate","14562,6356"
25918,linguistic_technical_rag,legitimate,phishing,0.85,"phishing,legitimate","23828,25081"
5578,linguistic_technical_rag,legitimate,legitimate,0.95,"phishing,legitimate","26125,7375"
9894,linguistic_technical_rag,phishing,phishing,0.8,"phishing,legitimate","9587,13642"
22146,linguistic_technical_rag,legitimate,phishing,0.7,"phishing,legitimate","9901,12945"
20663,linguistic_technical_rag,phishing,phishing,0.85,"phishing,legitimate","23719,6258"
25451,linguistic_technical_rag,legitimate,phishing,0.75,"phishing,legitimate","17667,25252"
20633,linguistic_technical_rag,phishing,phishing,0.8,"phishing,legitimate","10157,6258"
11911,linguistic_technical_rag,legitimate,legitimate,0.95,"phishing,legitimate","20071,8256"
17613,linguistic_technical_rag,phishing,phishing,0.85,"phishing,legitimate","14565,1441"
24651,linguistic_technical_rag,legitimate,phishing,0.8,"phishing,legitimate","9483,25038"
25742,linguistic_technical_rag,legitimate,legitimate,0.95,"phishing,legitimate","23782,25759"
9140,linguistic_technical_rag,legitimate,legitimate,0.95,"phishing,legitimate","24225,8932"
17723,linguistic_technical_rag,phishing,phishing,0.85,"phishing,legitimate","17726,1017"
8630,linguistic_technical_rag,legitimate,legitimate,0.95,"phishing,legitimate","18372,8640"
4229,linguistic_technical_rag,phishing,phishing,0.85,"phishing,legitimate","27983,16346"
13137,linguistic_technical_rag,legitimate,legitimate,0.95,"phishing,legitimate","27483,5223"
9266,linguistic_technical_rag,phishing,phishing,0.85,"phishing,legitimate","24546,8938"
18380,linguistic_technical_rag,phishing,phishing,0.85,"phishing,legitimate","18962,10994"
9751,linguistic_technical_rag,phishing,phishing,0.85,"phishing,legitimate","23009,1823"
14971,linguistic_technical_rag,phishing,phishing,0.85,"phishing,legitimate","20121,754"
8499,linguistic_technical_rag,legitimate,phishing,0.85,"phishing,legitimate","26671,9089"
5612,linguistic_technical_rag,legitimate,legitimate,0.95,"phishing,legitimate","26125,5632"
9201,linguistic_technical_rag,phishing,phishing,0.75,"phishing,legitimate","20120,12376"
7270,linguistic_technical_rag,legitimate,phishing,0.7,"phishing,legitimate","4511,7360"
11617,linguistic_technical_rag,legitimate,legitimate,0.95,"phishing,legitimate","18039,11626"
2722,linguistic_technical_rag,legitimate,phishing,0.75,"phishing,legitimate","27090,2209"
23731,linguistic_technical_rag,phishing,phishing,0.8,"phishing,legitimate","20188,12014"
25594,linguistic_technical_rag,legitimate,legitimate,0.95,"phishing,legitimate","24225,2872"
18502,linguistic_technical_rag,phishing,phishing,0.85,"phishing,legitimate","17518,8527"
2158,linguistic_technical_rag,legitimate,phishing,0.8,"phishing,legitimate","28167,1003"
8192,linguistic_technical_rag,legitimate,legitimate,0.95,"phishing,legitimate","9586,8515"
3617,linguistic_technical_rag,phishing,phishing,0.85,"phishing,legitimate","10340,1295"
12784,linguistic_technical_rag,legitimate,legitimate,0.95,"phishing,legitimate","27090,3021"
22187,linguistic_technical_rag,legitimate,phishing,0.75,"phishing,legitimate","28396,13945"
25678,linguistic_technical_rag,legitimate,legitimate,0.95,"phishing,legitimate","28396,13935"
21098,linguistic_technical_rag,legitimate,phishing,0.85,"phishing,legitimate","20071,22403"
1298,linguistic_technical_rag,legitimate,legitimate,0.95,"phishing,legitimate","14565,1441"
218,linguistic_technical_rag,legitimate,phishing,0.85,"phishing,legitimate","9593,306"
837,linguistic_technical_rag,legitimate,legitimate,0.95,"phishing,legitimate","17667,1375"
3851,linguistic_technical_rag,phishing,phishing,0.85,"phishing,legitimate","14585,7688"
13879,linguistic_technical_rag,legitimate,legitimate,0.95,"phishing,legitimate","27090,6142"
17525,linguistic_technical_rag,phishing,phishing,0.85,"phishing,legitimate","27664,7688"
22273,linguistic_technical_rag,legitimate,legitimate,0.95,"phishing,legitimate","17556,21737"
27238,linguistic_technical_rag,phishing,phishing,0.85,"phishing,legitimate","4829,6542"
16736,linguistic_technical_rag,legitimate,legitimate,0.95,"phishing,legitimate","17737,16400"
7706,linguistic_technical_rag,legitimate,legitimate,0.85,"phishing,legitimate","15620,7712"
13737,linguistic_technical_rag,legitimate,legitimate,0.95,"phishing,legitimate","22885,12649"
19730,linguistic_technical_rag,phishing,phishing,0.85,"phishing,legitimate","19318,8658"
29312,linguistic_technical_rag,phishing,phishing,0.85,"phishing,legitimate","23278,13840"
5110,linguistic_technical_rag,legitimate,legitimate,0.85,"phishing,legitimate","18638,5113"
694,linguistic_technical_rag,legitimate,legitimate,0.95,"phishing,legitimate","3964,899"
1656,linguistic_technical_rag,legitimate,legitimate,0.95,"phishing,legitimate","28388,16429"
5090,linguistic_technical_rag,legitimate,legitimate,0.95,"phishing,legitimate","20895,2019"
6007,linguistic_technical_rag,legitimate,legitimate,0.95,"phishing,legitimate","20372,8705"
1733,linguistic_technical_rag,legitimate,legitimate,0.95,"phishing,legitimate","22575,6005"
28556,linguistic_technical_rag,phishing,phishing,0.85,"phishing,legitimate","15650,5811"
26011,linguistic_technical_rag,legitimate,legitimate,0.85,"phishing,legitimate","20120,25903"
24050,linguistic_technical_rag,phishing,phishing,0.75,"phishing,legitimate","26306,12602"
27127,linguistic_technical_rag,phishing,phishing,0.85,"phishing,legitimate","27755,1496"
11876,linguistic_technical_rag,legitimate,legitimate,0.95,"phishing,legitimate","4511,5328"
7760,linguistic_technical_rag,legitimate,phishing,0.8,"phishing,legitimate","24121,25123"
13720,linguistic_technical_rag,legitimate,phishing,0.8,"phishing,legitimate","4511,2263"
28646,linguistic_technical_rag,phishing,phishing,0.85,"phishing,legitimate","3868,15828"
8293,linguistic_technical_rag,legitimate,legitimate,0.95,"phishing,legitimate","10085,8256"
23008,linguistic_technical_rag,phishing,phishing,0.85,"phishing,legitimate","19319,6696"
1290,linguistic_technical_rag,legitimate,legitimate,0.95,"phishing,legitimate","17929,1029"
10621,linguistic_technical_rag,phishing,phishing,0.85,"phishing,legitimate","22705,13467"
5103,linguistic_technical_rag,legitimate,legitimate,0.95,"phishing,legitimate","26125,5033"
8666,linguistic_technical_rag,legitimate,legitimate,0.95,"phishing,legitimate","15706,6572"
9244,linguistic_technical_rag,phishing,phishing,0.85,"phishing,legitimate","10234,12114"
6369,linguistic_technical_rag,legitimate,legitimate,0.95,"phishing,legitimate","17461,8926"
18796,linguistic_technical_rag,phishing,phishing,0.8,"phishing,legitimate","23584,8527"
1731,linguistic_technical_rag,legitimate,legitimate,0.85,"phishing,legitimate","4511,1712"
19996,linguistic_technical_rag,phishing,phishing,0.85,"phishing,legitimate","20071,6258"
12321,linguistic_technical_rag,legitimate,phishing,0.75,"phishing,legitimate","19734,12192"
18719,linguistic_technical_rag,phishing,phishing,0.85,"phishing,legitimate","9638,1741"
7654,linguistic_technical_rag,legitimate,phishing,0.85,"phishing,legitimate","19898,2045"
19601,linguistic_technical_rag,phishing,phishing,0.8,"phishing,legitimate","20164,8338"
5768,linguistic_technical_rag,legitimate,legitimate,0.95,"phishing,legitimate","3781,6277"
9600,linguistic_technical_rag,phishing,phishing,0.8,"phishing,legitimate","26584,25479"
9041,linguistic_technical_rag,legitimate,legitimate,0.95,"phishing,legitimate","17793,21501"
1702,linguistic_technical_rag,legitimate,phishing,0.85,"phishing,legitimate","19898,25302"
6768,linguistic_technical_rag,legitimate,phishing,0.75,"phishing,legitimate","10085,6782"
13801,linguistic_technical_rag,legitimate,phishing,0.8,"phishing,legitimate","27090,13604"
332,linguistic_technical_rag,legitimate,phishing,0.8,"phishing,legitimate","27090,267"
14691,linguistic_technical_rag,phishing,phishing,0.8,"phishing,legitimate","17647,25081"
13200,linguistic_technical_rag,legitimate,legitimate,0.85,"phishing,legitimate","20834,12213"
1522,linguistic_technical_rag,legitimate,legitimate,0.95,"phishing,legitimate","4511,1362"
3673,linguistic_technical_rag,phishing,phishing,0.85,"phishing,legitimate","29701,11141"
17876,linguistic_technical_rag,phishing,phishing,0.8,"phishing,legitimate","4419,8527"
9018,linguistic_technical_rag,legitimate,legitimate,0.95,"phishing,legitimate","20183,1476"
13775,linguistic_technical_rag,legitimate,legitimate,0.95,"phishing,legitimate","17667,13559"
15450,linguistic_technical_rag,phishing,phishing,0.85,"phishing,legitimate","26528,3465"
21350,linguistic_technical_rag,legitimate,legitimate,0.95,"phishing,legitimate","17562,21301"
14926,linguistic_technical_rag,phishing,legitimate,0.95,"phishing,legitimate","15055,8843"
11660,linguistic_technical_rag,legitimate,legitimate,0.85,"phishing,legitimate","26671,11607"
14382,linguistic_technical_rag,phishing,phishing,0.95,"phishing,legitimate","28246,24647"
23788,linguistic_technical_rag,phishing,phishing,0.85,"phishing,legitimate","3979,25252"
24817,linguistic_technical_rag,legitimate,legitimate,0.95,"phishing,legitimate","20183,24686"
16936,linguistic_technical_rag,legitimate,phishing,0.75,phishing,28396
19552,linguistic_technical_rag,phishing,phishing,0.8,"phishing,legitimate","27622,7854"
440,linguistic_technical_rag,legitimate,phishing,0.8,phishing,27090
5920,linguistic_technical_rag,legitimate,legitimate,0.95,"phishing,legitimate","14617,4936"
14260,linguistic_technical_rag,legitimate,legitimate,0.95,"phishing,legitimate","9966,11908"
9520,linguistic_technical_rag,phishing,phishing,0.8,"phishing,legitimate","28455,11562"
1739,linguistic_technical_rag,legitimate,legitimate,0.95,"phishing,legitimate","28008,1712"
17336,linguistic_technical_rag,phishing,phishing,0.95,"phishing,legitimate","28472,6696"
10856,linguistic_technical_rag,legitimate,legitimate,0.95,"phishing,legitimate","18437,13840"
2486,linguistic_technical_rag,legitimate,legitimate,0.85,"phishing,legitimate","23101,2091"
27486,linguistic_technical_rag,phishing,phishing,0.85,"phishing,legitimate","28306,8534"
3160,linguistic_technical_rag,legitimate,legitimate,0.95,"phishing,legitimate","14920,11935"
17677,linguistic_technical_rag,phishing,phishing,0.85,"phishing,legitimate","15555,11713"
14104,linguistic_technical_rag,legitimate,legitimate,0.95,"phishing,legitimate","19898,14124"
23154,linguistic_technical_rag,phishing,phishing,0.8,"phishing,legitimate","24005,13135"
25303,linguistic_technical_rag,legitimate,phishing,0.75,"phishing,legitimate","20183,25195"
1204,linguistic_technical_rag,legitimate,legitimate,0.95,"phishing,legitimate","20872,2843"
12892,linguistic_technical_rag,legitimate,legitimate,0.95,"phishing,legitimate","28388,5554"
13908,linguistic_technical_rag,legitimate,legitimate,0.95,"phishing,legitimate","17962,22291"
16571,linguistic_technical_rag,legitimate,legitimate,0.95,"phishing,legitimate","22575,7949"
21472,linguistic_technical_rag,legitimate,phishing,0.75,"phishing,legitimate","3964,25763"
21838,linguistic_technical_rag,legitimate,phishing,0.85,"phishing,legitimate","17929,21313"
15382,linguistic_technical_rag,phishing,phishing,0.85,"phishing,legitimate","17374,8527"
5854,linguistic_technical_rag,legitimate,legitimate,0.95,"phishing,legitimate","9483,7234"
27819,linguistic_technical_rag,phishing,phishing,0.85,"phishing,legitimate","19122,11814"
8716,linguistic_technical_rag,legitimate,legitimate,0.95,"phishing,legitimate","28388,16662"
23985,linguistic_technical_rag,phishing,phishing,0.75,"phishing,legitimate","29713,11427"
21249,linguistic_technical_rag,legitimate,phishing,0.75,"phishing,legitimate","9901,3027"
10659,linguistic_technical_rag,legitimate,legitimate,0.95,"phishing,legitimate","10439,11414"
22354,linguistic_technical_rag,legitimate,legitimate,0.95,"phishing,legitimate","22669,5701"
12660,linguistic_technical_rag,legitimate,phishing,0.85,"phishing,legitimate","18620,12008"
4208,linguistic_technical_rag,phishing,phishing,0.85,"phishing,legitimate","21054,16447"
15805,linguistic_technical_rag,phishing,phishing,0.85,"phishing,legitimate","27581,7561"
15254,linguistic_technical_rag,phishing,phishing,0.85,"phishing,legitimate","24581,13979"
13236,linguistic_technical_rag,legitimate,legitimate,0.85,"phishing,legitimate","22988,11083"
4085,linguistic_technical_rag,phishing,phishing,0.85,"phishing,legitimate","20743,1215"
29628,linguistic_technical_rag,phishing,phishing,0.85,"phishing,legitimate","24127,7939"
24091,linguistic_technical_rag,phishing,phishing,0.8,"phishing,legitimate","24005,12014"
15448,linguistic_technical_rag,phishing,phishing,0.8,"phishing,legitimate","28902,13924"
23568,linguistic_technical_rag,phishing,phishing,0.85,legitimate,8507
11556,linguistic_technical_rag,legitimate,legitimate,0.95,"phishing,legitimate","27851,10951"
21265,linguistic_technical_rag,legitimate,phishing,0.85,"phishing,legitimate","14920,6628"
27204,linguistic_technical_rag,phishing,phishing,0.85,"phishing,legitimate","27317,22201"
15493,linguistic_technical_rag,phishing,phishing,0.85,"phishing,legitimate","4508,25252"
3527,linguistic_technical_rag,phishing,phishing,0.7,"phishing,legitimate","4007,1769"
10830,linguistic_technical_rag,legitimate,legitimate,0.95,"phishing,legitimate","27851,8655"
16279,linguistic_technical_rag,legitimate,phishing,0.75,"phishing,legitimate","4511,25262"
16430,linguistic_technical_rag,legitimate,legitimate,0.95,"phishing,legitimate","17667,16140"
11902,linguistic_technical_rag,legitimate,phishing,0.8,"phishing,legitimate","4511,25871"
12684,linguistic_technical_rag,legitimate,phishing,0.85,"phishing,legitimate","27502,11404"
26995,linguistic_technical_rag,phishing,phishing,0.75,"phishing,legitimate","26235,12060"
23745,linguistic_technical_rag,phishing,phishing,0.75,"phishing,legitimate","15590,22283"
19059,linguistic_technical_rag,phishing,phishing,0.85,"phishing,legitimate","15650,11908"
5298,linguistic_technical_rag,legitimate,legitimate,0.95,"phishing,legitimate","4511,5701"
16194,linguistic_technical_rag,legitimate,legitimate,0.95,"phishing,legitimate","18638,7587"
23766,linguistic_technical_rag,phishing,phishing,0.75,legitimate,12139
11443,linguistic_technical_rag,legitimate,phishing,0.75,"phishing,legitimate","28388,5554"
27966,linguistic_technical_rag,phishing,phishing,0.8,"phishing,legitimate","28005,7939"
19230,linguistic_technical_rag,phishing,phishing,0.85,"phishing,legitimate","10630,3385"
4649,linguistic_technical_rag,phishing,phishing,0.85,"phishing,legitimate","14549,21178"
13652,linguistic_technical_rag,legitimate,legitimate,0.95,"phishing,legitimate","14562,11338"
29690,linguistic_technical_rag,phishing,phishing,0.75,"phishing,legitimate","29475,6258"
25443,linguistic_technical_rag,legitimate,legitimate,0.85,"phishing,legitimate","20120,16252"
29532,linguistic_technical_rag,phishing,phishing,0.85,"phishing,legitimate","29619,7561"
17967,linguistic_technical_rag,phishing,phishing,0.75,"phishing,legitimate","4511,16256"
2538,linguistic_technical_rag,legitimate,legitimate,0.95,"phishing,legitimate","27533,1279"
13141,linguistic_technical_rag,legitimate,legitimate,0.95,"phishing,legitimate","17612,6341"
10897,linguistic_technical_rag,legitimate,phishing,0.8,"phishing,legitimate","23913,5265"
27113,linguistic_technical_rag,phishing,phishing,0.85,"phishing,legitimate","22669,13979"
6606,linguistic_technical_rag,legitimate,phishing,0.8,"phishing,legitimate","19966,6488"
20489,linguistic_technical_rag,phishing,phishing,0.85,"phishing,legitimate","28507,25043"
27734,linguistic_technical_rag,phishing,phishing,0.85,"phishing,legitimate","27645,21322"
13069,linguistic_technical_rag,legitimate,phishing,0.85,"phishing,legitimate","17550,5611"
3734,linguistic_technical_rag,phishing,phishing,0.8,"phishing,legitimate","19507,7966"
16961,linguistic_technical_rag,legitimate,phishing,0.85,phishing,28396
24104,linguistic_technical_rag,phishing,phishing,0.75,legitimate,7688
13294,linguistic_technical_rag,legitimate,legitimate,0.95,"phishing,legitimate","20895,16128"
5961,linguistic_technical_rag,legitimate,legitimate,0.95,"phishing,legitimate","15703,5960"
15287,linguistic_technical_rag,phishing,phishing,0.85,"phishing,legitimate","26164,2637"
2264,linguistic_technical_rag,legitimate,legitimate,0.95,"phishing,legitimate","29460,6494"
18281,linguistic_technical_rag,phishing,phishing,0.85,"phishing,legitimate","26538,25530"
2808,linguistic_technical_rag,legitimate,legitimate,0.95,"phishing,legitimate","28167,13605"
19185,linguistic_technical_rag,phishing,phishing,0.85,"phishing,legitimate","28509,21451"
15655,linguistic_technical_rag,phishing,phishing,0.75,"phishing,legitimate","3781,11596"
12583,linguistic_technical_rag,legitimate,phishing,0.8,"phishing,legitimate","14664,13467"
17616,linguistic_technical_rag,phishing,phishing,0.85,"phishing,legitimate","18534,24647"
25209,linguistic_technical_rag,legitimate,phishing,0.85,"phishing,legitimate","29117,25262"
27257,linguistic_technical_rag,phishing,phishing,0.85,"phishing,legitimate","28167,12602"
10784,linguistic_technical_rag,legitimate,legitimate,0.85,"phishing,legitimate","18399,11562"
4149,linguistic_technical_rag,phishing,phishing,0.85,"phishing,legitimate","17700,12602"
16334,linguistic_technical_rag,legitimate,legitimate,0.95,"phishing,legitimate","4423,11427"
11961,linguistic_technical_rag,legitimate,legitimate,0.95,"phishing,legitimate","9966,13877"
1582,linguistic_technical_rag,legitimate,legitimate,0.85,"phishing,legitimate","22538,1776"
29638,linguistic_technical_rag,phishing,phishing,0.85,"phishing,legitimate","10472,12139"
858,linguistic_technical_rag,legitimate,legitimate,0.95,"phishing,legitimate","27533,1011"
14615,linguistic_technical_rag,phishing,phishing,0.85,"phishing,legitimate","19758,3127"
1094,linguistic_technical_rag,legitimate,legitimate,0.95,"phishing,legitimate","28167,2317"
28768,linguistic_technical_rag,phishing,phishing,0.85,"phishing,legitimate","19732,5955"
25300,linguistic_technical_rag,legitimate,phishing,0.75,"phishing,legitimate","4511,25262"
20282,linguistic_technical_rag,phishing,phishing,0.85,"phishing,legitimate","19215,13097"
10455,linguistic_technical_rag,phishing,phishing,0.8,"phishing,legitimate","23147,7695"
23481,linguistic_technical_rag,phishing,phishing,0.75,"phishing,legitimate","10256,13945"
5369,linguistic_technical_rag,legitimate,phishing,0.8,"phishing,legitimate","26844,16662"
752,linguistic_technical_rag,legitimate,legitimate,0.95,"phishing,legitimate","19030,565"
3751,linguistic_technical_rag,phishing,phishing,0.85,"phishing,legitimate","19830,11102"
23058,linguistic_technical_rag,phishing,phishing,0.85,"phishing,legitimate","14418,5040"
29694,linguistic_technical_rag,phishing,phishing,0.85,"phishing,legitimate","15421,6323"
21616,linguistic_technical_rag,legitimate,legitimate,0.95,"phishing,legitimate","14418,6963"
219,linguistic_technical_rag,legitimate,phishing,0.8,"phishing,legitimate","27090,338"
9021,linguistic_technical_rag,legitimate,legitimate,0.85,"phishing,legitimate","3986,22291"
337,linguistic_technical_rag,legitimate,phishing,0.75,phishing,27090
10227,linguistic_technical_rag,phishing,phishing,0.85,"phishing,legitimate","23970,2480"
24859,linguistic_technical_rag,legitimate,phishing,0.8,"phishing,legitimate","4511,2569"
24896,linguistic_technical_rag,legitimate,legitimate,0.95,"phishing,legitimate","29096,25321"
27880,linguistic_technical_rag,phishing,legitimate,0.95,"phishing,legitimate","15062,11481"
17377,linguistic_technical_rag,phishing,phishing,0.85,"phishing,legitimate","23729,12832"
18128,linguistic_technical_rag,phishing,phishing,0.85,"phishing,legitimate","26395,11713"
17788,linguistic_technical_rag,phishing,phishing,0.85,"phishing,legitimate","28079,8732"
9259,linguistic_technical_rag,phishing,phishing,0.85,"phishing,legitimate","24380,13399"
2294,linguistic_technical_rag,legitimate,legitimate,0.95,"phishing,legitimate","20120,2418"
10746,linguistic_technical_rag,legitimate,legitimate,0.95,"phishing,legitimate","3986,11496"
26434,linguistic_technical_rag,phishing,phishing,0.85,"phishing,legitimate","27622,21619"
1438,linguistic_technical_rag,legitimate,legitimate,0.95,"phishing,legitimate","24225,1524"
12578,linguistic_technical_rag,legitimate,legitimate,0.95,"phishing,legitimate","26858,12329"
16496,linguistic_technical_rag,legitimate,legitimate,0.95,"phishing,legitimate","24180,25272"
13861,linguistic_technical_rag,legitimate,legitimate,0.85,"phishing,legitimate","29096,13177"
11325,linguistic_technical_rag,legitimate,legitimate,0.95,"phishing,legitimate","14920,12554"
23799,linguistic_technical_rag,phishing,legitimate,0.75,"phishing,legitimate","23970,5611"
17503,linguistic_technical_rag,phishing,phishing,0.85,"phishing,legitimate","14684,8642"
13900,linguistic_technical_rag,legitimate,legitimate,0.95,"phishing,legitimate","28167,13810"
1989,linguistic_technical_rag,legitimate,phishing,0.7,"phishing,legitimate","28167,759"
27446,linguistic_technical_rag,phishing,phishing,0.8,legitimate,8527
17506,linguistic_technical_rag,phishing,phishing,0.85,"phishing,legitimate","4040,11219"
28053,linguistic_technical_rag,phishing,phishing,0.8,"phishing,legitimate","28047,698"
1231,linguistic_technical_rag,legitimate,legitimate,0.95,"phishing,legitimate","24016,7694"
3538,linguistic_technical_rag,phishing,phishing,0.85,"phishing,legitimate","14766,16291"
22195,linguistic_technical_rag,legitimate,phishing,0.8,"phishing,legitimate","22608,22174"
21944,linguistic_technical_rag,legitimate,legitimate,0.85,"phishing,legitimate","29212,16796"
8723,linguistic_technical_rag,legitimate,legitimate,0.95,"phishing,legitimate","28702,8732"
8118,linguistic_technical_rag,legitimate,legitimate,0.95,"phishing,legitimate","19864,7949"
6625,linguistic_technical_rag,legitimate,phishing,0.8,"phishing,legitimate","26081,6628"
16132,linguistic_technical_rag,legitimate,legitimate,0.95,"phishing,legitimate","17564,16742"
13999,linguistic_technical_rag,legitimate,legitimate,0.95,"phishing,legitimate","10640,7695"
14352,linguistic_technical_rag,phishing,phishing,0.85,"phishing,legitimate","14705,11427"
1040,linguistic_technical_rag,legitimate,legitimate,0.85,"phishing,legitimate","10085,14262"
4389,linguistic_technical_rag,phishing,phishing,0.85,"phishing,legitimate","4390,24647"
6423,linguistic_technical_rag,legitimate,legitimate,0.95,"phishing,legitimate","29096,7115"
28675,linguistic_technical_rag,phishing,phishing,0.75,"phishing,legitimate","23725,6323"
18450,linguistic_technical_rag,phishing,phishing,0.85,"phishing,legitimate","26592,12602"
24611,linguistic_technical_rag,phishing,legitimate,0.95,"phishing,legitimate","15706,14173"
3014,linguistic_technical_rag,legitimate,phishing,0.8,"phishing,legitimate","27532,675"
6317,linguistic_technical_rag,legitimate,phishing,0.75,"phishing,legitimate","15248,6071"
15388,linguistic_technical_rag,phishing,phishing,0.95,"phishing,legitimate","15341,6142"
12315,linguistic_technical_rag,legitimate,phishing,0.8,"phishing,legitimate","9675,12307"
258,linguistic_technical_rag,legitimate,phishing,0.85,"phishing,legitimate","19030,235"
573,linguistic_technical_rag,legitimate,legitimate,0.75,"phishing,legitimate","9483,24"
24238,linguistic_technical_rag,phishing,phishing,0.85,"phishing,legitimate","10449,6200"
1955,linguistic_technical_rag,legitimate,phishing,0.75,"phishing,legitimate","19734,1990"
6536,linguistic_technical_rag,legitimate,legitimate,0.95,"phishing,legitimate","23952,4861"
12619,linguistic_technical_rag,legitimate,legitimate,0.95,"phishing,legitimate","26064,13597"
28153,linguistic_technical_rag,phishing,phishing,0.8,"phishing,legitimate","28005,1085"
3317,linguistic_technical_rag,legitimate,legitimate,0.95,"phishing,legitimate","14664,11338"
13565,linguistic_technical_rag,legitimate,legitimate,0.95,"phishing,legitimate","14920,13051"
6724,linguistic_technical_rag,legitimate,phishing,0.75,"phishing,legitimate","28388,5202"
22902,linguistic_technical_rag,phishing,phishing,0.8,"phishing,legitimate","9450,13077"
14279,linguistic_technical_rag,legitimate,legitimate,0.95,"phishing,legitimate","23782,14037"
22256,linguistic_technical_rag,legitimate,phishing,0.85,"phishing,legitimate","14774,22220"
10912,linguistic_technical_rag,legitimate,legitimate,0.95,"phishing,legitimate","10085,14262"
2701,linguistic_technical_rag,legitimate,legitimate,0.9,"phishing,legitimate","19898,2881"
4888,linguistic_technical_rag,legitimate,phishing,0.8,"phishing,legitimate","9901,6542"
21415,linguistic_technical_rag,legitimate,legitimate,0.95,"phishing,legitimate","26769,21556"
19480,linguistic_technical_rag,phishing,phishing,0.8,"phishing,legitimate","22898,22396"
15020,linguistic_technical_rag,phishing,phishing,0.85,"phishing,legitimate","18557,1556"
24669,linguistic_technical_rag,legitimate,legitimate,0.95,"phishing,legitimate","27227,25087"
17941,linguistic_technical_rag,phishing,phishing,0.85,"phishing,legitimate","19859,187"
6211,linguistic_technical_rag,legitimate,legitimate,0.95,"phishing,legitimate","19734,5047"
24423,linguistic_technical_rag,phishing,phishing,0.85,"phishing,legitimate","10347,8938"
15297,linguistic_technical_rag,phishing,phishing,0.75,"phishing,legitimate","23582,11962"
20161,linguistic_technical_rag,phishing,phishing,0.85,"phishing,legitimate","18395,12602"
13396,linguistic_technical_rag,legitimate,legitimate,0.95,"phishing,legitimate","27851,13393"
7304,linguistic_technical_rag,legitimate,legitimate,0.95,"phishing,legitimate","29096,7360"
28846,linguistic_technical_rag,phishing,phishing,0.85,"phishing,legitimate","15097,6258"
28148,linguistic_technical_rag,phishing,phishing,0.85,"phishing,legitimate","27524,886"
1963,linguistic_technical_rag,legitimate,legitimate,0.95,"phishing,legitimate","20673,2104"
26595,linguistic_technical_rag,phishing,phishing,0.85,"phishing,legitimate","29144,10769"
12757,linguistic_technical_rag,legitimate,legitimate,0.95,"phishing,legitimate","26232,6306"
20734,linguistic_technical_rag,phishing,phishing,0.85,"phishing,legitimate","9587,5082"
12948,linguistic_technical_rag,legitimate,phishing,0.85,"phishing,legitimate","3759,12565"
552,linguistic_technical_rag,legitimate,phishing,0.8,phishing,27090
23964,linguistic_technical_rag,phishing,phishing,0.85,"phishing,legitimate","17453,25160"
16816,linguistic_technical_rag,legitimate,phishing,0.85,phishing,28396
20449,linguistic_technical_rag,phishing,phishing,0.85,"phishing,legitimate","4749,1823"
24295,linguistic_technical_rag,phishing,phishing,0.85,legitimate,3490
26082,linguistic_technical_rag,phishing,phishing,0.85,"phishing,legitimate","17722,8658"
525,linguistic_technical_rag,legitimate,legitimate,0.9,phishing,28795
18272,linguistic_technical_rag,phishing,phishing,0.85,"phishing,legitimate","3533,6557"
6691,linguistic_technical_rag,legitimate,phishing,0.85,"phishing,legitimate","4511,6742"
16849,linguistic_technical_rag,legitimate,phishing,0.85,phishing,28396
28775,linguistic_technical_rag,phishing,phishing,0.85,"phishing,legitimate","19898,2102"
6155,linguistic_technical_rag,legitimate,legitimate,0.95,"phishing,legitimate","18399,7457"
27717,linguistic_technical_rag,phishing,phishing,0.8,"phishing,legitimate","15126,21178"
647,linguistic_technical_rag,legitimate,legitimate,0.9,"phishing,legitimate","20183,13017"
19548,linguistic_technical_rag,phishing,phishing,0.8,"phishing,legitimate","19814,16742"
16554,linguistic_technical_rag,legitimate,phishing,0.7,"phishing,legitimate","26453,21245"
28530,linguistic_technical_rag,phishing,phishing,0.85,"phishing,legitimate","17722,8658"
3507,linguistic_technical_rag,phishing,phishing,0.75,"phishing,legitimate","4304,7561"
13895,linguistic_technical_rag,legitimate,legitimate,0.95,"phishing,legitimate","26065,11860"
8028,linguistic_technical_rag,legitimate,legitimate,0.95,"phishing,legitimate","4853,8367"
11792,linguistic_technical_rag,legitimate,legitimate,0.95,"phishing,legitimate","17335,11814"
2232,linguistic_technical_rag,legitimate,phishing,0.8,"phishing,legitimate","9442,5054"
254,linguistic_technical_rag,legitimate,phishing,0.75,"phishing,legitimate","19030,235"
12120,linguistic_technical_rag,legitimate,phishing,0.85,"phishing,legitimate","10085,2799"
25577,linguistic_technical_rag,legitimate,phishing,0.75,"phishing,legitimate","15718,25762"
1155,linguistic_technical_rag,legitimate,legitimate,0.95,"phishing,legitimate","10085,1985"
21520,linguistic_technical_rag,legitimate,legitimate,0.95,"phishing,legitimate","17667,21659"
15064,linguistic_technical_rag,phishing,legitimate,0.95,"phishing,legitimate","28998,12114"
24796,linguistic_technical_rag,legitimate,phishing,0.85,"phishing,legitimate","14606,21496"
10950,linguistic_technical_rag,legitimate,legitimate,0.95,"phishing,legitimate","27726,13605"
4133,linguistic_technical_rag,phishing,phishing,0.85,"phishing,legitimate","19830,755"
16619,linguistic_technical_rag,legitimate,legitimate,0.95,"phishing,legitimate","14377,16481"
10018,linguistic_technical_rag,phishing,phishing,0.85,"phishing,legitimate","14664,6258"
14801,linguistic_technical_rag,phishing,phishing,0.85,"phishing,legitimate","10184,1657"
24976,linguistic_technical_rag,legitimate,phishing,0.7,"phishing,legitimate","20120,8307"
4635,linguistic_technical_rag,phishing,phishing,0.85,"phishing,legitimate","20692,9146"
9545,linguistic_technical_rag,phishing,phishing,0.8,"phishing,legitimate","22519,21330"
4397,linguistic_technical_rag,phishing,phishing,0.8,"phishing,legitimate","18638,25947"
15821,linguistic_technical_rag,legitimate,phishing,0.85,phishing,17737
19629,linguistic_technical_rag,phishing,phishing,0.8,"phishing,legitimate","3616,12391"
25227,linguistic_technical_rag,legitimate,legitimate,0.85,"phishing,legitimate","20183,25021"
16611,linguistic_technical_rag,legitimate,legitimate,0.95,"phishing,legitimate","20895,16128"
19753,linguistic_technical_rag,phishing,phishing,0.85,"phishing,legitimate","19340,6200"
18586,linguistic_technical_rag,phishing,phishing,0.85,"phishing,legitimate","4390,6809"
3535,linguistic_technical_rag,phishing,phishing,0.85,legitimate,7939
27883,linguistic_technical_rag,phishing,phishing,0.85,"phishing,legitimate","19494,10811"
6398,linguistic_technical_rag,legitimate,legitimate,0.95,"phishing,legitimate","9724,24795"
7288,linguistic_technical_rag,legitimate,legitimate,0.95,"phishing,legitimate","24336,5925"
24881,linguistic_technical_rag,legitimate,legitimate,0.9,"phishing,legitimate","20183,25167"
26221,linguistic_technical_rag,phishing,phishing,0.8,"phishing,legitimate","17914,13836"
20333,linguistic_technical_rag,phishing,phishing,0.85,"phishing,legitimate","22873,16447"
27967,linguistic_technical_rag,phishing,phishing,0.7,"phishing,legitimate","29673,22344"
6513,linguistic_technical_rag,legitimate,phishing,0.8,"phishing,legitimate","26081,6506"
28052,linguistic_technical_rag,phishing,phishing,0.8,"phishing,legitimate","28110,8706"
1654,linguistic_technical_rag,legitimate,phishing,0.75,"phishing,legitimate","24336,16140"
6498,linguistic_technical_rag,legitimate,legitimate,0.95,"phishing,legitimate","4749,8733"
27056,linguistic_technical_rag,phishing,phishing,0.85,"phishing,legitimate","28288,1657"
27846,linguistic_technical_rag,phishing,phishing,0.7,"phishing,legitimate","15074,12309"
3079,linguistic_technical_rag,legitimate,legitimate,0.95,"phishing,legitimate","29751,3177"
27203,linguistic_technical_rag,phishing,phishing,0.85,"phishing,legitimate","28998,6258"
12679,linguistic_technical_rag,legitimate,legitimate,0.85,"phishing,legitimate","9901,12557"
16099,linguistic_technical_rag,legitimate,legitimate,0.95,"phishing,legitimate","9362,1712"
9467,linguistic_technical_rag,phishing,phishing,0.75,"phishing,legitimate","15637,21330"
27749,linguistic_technical_rag,phishing,phishing,0.75,"phishing,legitimate","28902,2248"
2762,linguistic_technical_rag,legitimate,legitimate,0.95,"phishing,legitimate","20071,3043"
13253,linguistic_technical_rag,legitimate,legitimate,0.85,"phishing,legitimate","19734,1738"
23094,linguistic_technical_rag,phishing,phishing,0.85,"phishing,legitimate","23797,13083"
15639,linguistic_technical_rag,phishing,phishing,0.85,"phishing,legitimate","29193,6231"
19106,linguistic_technical_rag,phishing,phishing,0.8,"phishing,legitimate","26146,7466"
20746,linguistic_technical_rag,phishing,legitimate,0.85,"phishing,legitimate","9647,12821"
7257,linguistic_technical_rag,legitimate,legitimate,0.9,"phishing,legitimate","4511,2263"
17932,linguistic_technical_rag,phishing,phishing,0.8,"phishing,legitimate","23384,6308"
14451,linguistic_technical_rag,phishing,phishing,0.85,"phishing,legitimate","28825,8507"
6375,linguistic_technical_rag,legitimate,phishing,0.7,"phishing,legitimate","18495,21078"
14996,linguistic_technical_rag,phishing,phishing,0.8,"phishing,legitimate","27524,1451"
18989,linguistic_technical_rag,phishing,phishing,0.8,"phishing,legitimate","17578,25262"
27285,linguistic_technical_rag,phishing,phishing,0.85,"phishing,legitimate","4804,6581"
13028,linguistic_technical_rag,legitimate,legitimate,0.95,"phishing,legitimate","26874,13083"
2109,linguistic_technical_rag,legitimate,legitimate,0.95,"phishing,legitimate","20120,2447"
6149,linguistic_technical_rag,legitimate,phishing,0.85,"phishing,legitimate","19954,21137"
12209,linguistic_technical_rag,legitimate,legitimate,0.95,"phishing,legitimate","27532,14087"
21222,linguistic_technical_rag,legitimate,legitimate,0.95,"phishing,legitimate","19779,21563"
24520,linguistic_technical_rag,phishing,phishing,0.85,"phishing,legitimate","23180,1645"
19534,linguistic_technical_rag,phishing,phishing,0.8,"phishing,legitimate","28819,1304"
2863,linguistic_technical_rag,legitimate,phishing,0.8,"phishing,legitimate","9617,13887"
3603,linguistic_technical_rag,phishing,phishing,0.8,"phishing,legitimate","3727,21659"
15221,linguistic_technical_rag,phishing,phishing,0.85,"phishing,legitimate","3574,3209"
22612,linguistic_technical_rag,phishing,phishing,0.85,"phishing,legitimate","23161,13077"
29651,linguistic_technical_rag,phishing,phishing,0.95,"phishing,legitimate","10313,21830"
17430,linguistic_technical_rag,phishing,phishing,0.7,"phishing,legitimate","15819,6347"
16633,linguistic_technical_rag,legitimate,legitimate,0.95,"phishing,legitimate","28388,16598"
14321,linguistic_technical_rag,legitimate,legitimate,0.9,"phishing,legitimate","14338,25123"
22856,linguistic_technical_rag,phishing,phishing,0.85,"phishing,legitimate","29077,25252"
15540,linguistic_technical_rag,phishing,phishing,0.7,"phishing,legitimate","26861,7206"
13862,linguistic_technical_rag,legitimate,phishing,0.8,"phishing,legitimate","27802,13870"
19639,linguistic_technical_rag,phishing,phishing,0.85,legitimate,13810
23897,linguistic_technical_rag,phishing,phishing,0.75,legitimate,22344
25444,linguistic_technical_rag,legitimate,phishing,0.8,"phishing,legitimate","19734,25324"
28957,linguistic_technical_rag,phishing,phishing,0.85,"phishing,legitimate","26294,10994"
12912,linguistic_technical_rag,legitimate,legitimate,0.95,"phishing,legitimate","14617,13263"
14823,linguistic_technical_rag,phishing,phishing,0.85,"phishing,legitimate","17493,1823"
497,linguistic_technical_rag,legitimate,phishing,0.75,"phishing,legitimate","4388,518"
18277,linguistic_technical_rag,phishing,phishing,0.85,"phishing,legitimate","18620,2569"
13329,linguistic_technical_rag,legitimate,phishing,0.75,"phishing,legitimate","14743,25966"
17139,linguistic_technical_rag,legitimate,legitimate,0.95,phishing,28396
7734,linguistic_technical_rag,legitimate,legitimate,0.95,"phishing,legitimate","26324,11427"
28717,linguistic_technical_rag,phishing,phishing,0.75,"phishing,legitimate","29144,10769"
7146,linguistic_technical_rag,legitimate,phishing,0.75,"phishing,legitimate","28859,7063"
19994,linguistic_technical_rag,phishing,phishing,0.8,"phishing,legitimate","20730,11141"
22045,linguistic_technical_rag,legitimate,legitimate,0.95,"phishing,legitimate","26064,5554"
17824,linguistic_technical_rag,phishing,phishing,0.85,"phishing,legitimate","28359,16585"
29612,linguistic_technical_rag,phishing,phishing,0.75,"phishing,legitimate","28629,7234"
3418,linguistic_technical_rag,legitimate,legitimate,0.95,"phishing,legitimate","17929,25034"
16030,linguistic_technical_rag,legitimate,phishing,0.75,phishing,28396
2964,linguistic_technical_rag,legitimate,phishing,0.75,"phishing,legitimate","10640,2317"
27852,linguistic_technical_rag,phishing,phishing,0.85,"phishing,legitimate","19494,10811"
6128,linguistic_technical_rag,legitimate,phishing,0.85,"phishing,legitimate","4749,6526"
745,linguistic_technical_rag,legitimate,phishing,0.85,"phishing,legitimate","20183,934"
2301,linguistic_technical_rag,legitimate,phishing,0.85,"phishing,legitimate","19030,754"
3310,linguistic_technical_rag,legitimate,legitimate,0.95,"phishing,legitimate","26064,13988"
13807,linguistic_technical_rag,legitimate,legitimate,0.95,"phishing,legitimate","14418,13597"
4594,linguistic_technical_rag,phishing,phishing,0.85,"phishing,legitimate","4500,5689"
16953,linguistic_technical_rag,legitimate,phishing,0.8,phishing,28396
7591,linguistic_technical_rag,legitimate,legitimate,0.9,"phishing,legitimate","10014,6308"
27122,linguistic_technical_rag,phishing,phishing,0.85,"phishing,legitimate","28043,13135"
4176,linguistic_technical_rag,phishing,phishing,0.85,"phishing,legitimate","29327,7695"
18409,linguistic_technical_rag,phishing,phishing,0.85,"phishing,legitimate","18656,12390"
27220,linguistic_technical_rag,phishing,phishing,0.85,"phishing,legitimate","22661,11712"
23570,linguistic_technical_rag,phishing,phishing,0.85,"phishing,legitimate","29399,12309"
8943,linguistic_technical_rag,legitimate,legitimate,0.95,"phishing,legitimate","28236,22291"
8816,linguistic_technical_rag,legitimate,legitimate,0.95,"phishing,legitimate","18914,3021"
15960,linguistic_technical_rag,legitimate,phishing,0.85,phishing,17737
1414,linguistic_technical_rag,legitimate,legitimate,0.85,"phishing,legitimate","20183,1441"
26092,linguistic_technical_rag,phishing,phishing,0.85,"phishing,legitimate","29473,7700"
24045,linguistic_technical_rag,phishing,phishing,0.85,"phishing,legitimate","23982,7688"
14934,linguistic_technical_rag,phishing,phishing,0.85,"phishing,legitimate","28167,12602"
14176,linguistic_technical_rag,legitimate,phishing,0.85,"phishing,legitimate","26049,13642"
11534,linguistic_technical_rag,legitimate,legitimate,0.8,"phishing,legitimate","9866,13929"
